rank,id,player,team,pos,gp,snaps,snaps_per_gp,snap_pct,rush_per_snap,rush_share,tgt_per_snap,tgt_share,touch_per_snap,util_per_snap,fpts_ppr,fpts_ppr_per_snap
1,20882,David Montgomery,DET,RB,14,390,27.9,34.0,47.4,34.6,9.7,7.3,56.9,57.4,221.7,56.9
2,23200,Jahmyr Gibbs,DET,RB,17,639,37.6,55.8,39.1,46.8,9.9,12.1,47.3,49.0,362.9,56.8
3,23247,James Cook,BUF,RB,16,485,30.3,44.6,42.7,42.2,7.8,7.1,49.3,50.5,266.7,55.0
4,17959,Derrick Henry,BAL,RB,17,635,37.4,57.2,51.2,58.6,3.5,4.9,54.2,54.6,336.4,53.0
5,24967,Bucky Irving,TB,RB,17,516,30.4,45.2,40.1,42.9,10.1,9.2,49.2,50.2,244.4,47.4
6,16763,Marcus Mariota,WAS,QB,3,100,33.3,11.1,18.0,3.4,0.0,0.0,62.0,62.0,45.8,45.8
7,19238,Taysom Hill,NO,QB,8,225,28.1,28.7,17.3,8.8,13.8,5.9,29.3,32.9,102.3,45.5
8,19766,Saquon Barkley,PHI,RB,16,801,50.1,69.2,43.1,55.6,5.4,10.4,47.2,48.4,355.3,44.4
9,20824,Josh Jacobs,GB,RB,17,678,39.9,62.5,44.4,57.2,6.3,9.3,49.7,50.7,293.1,43.2
10,18858,Joe Mixon,HOU,RB,14,557,39.8,50.3,44.0,62.0,9.3,8.6,50.6,53.5,240.5,43.2
11,24179,De'Von Achane,MIA,RB,17,704,41.4,61.9,28.8,45.5,12.4,15.2,39.9,41.2,299.9,42.6
12,24172,Puka Nacua,LAR,WR,11,487,44.3,62.0,2.3,2.4,21.8,19.6,18.5,24.0,206.6,42.4
13,21756,Nico Collins,HOU,WR,12,502,41.8,60.7,0.0,0.0,19.7,16.4,13.5,19.7,210.6,42.0
14,24120,Rashee Rice,KC,WR,4,155,38.8,60.8,0.6,0.2,18.7,4.9,16.1,19.4,64.9,41.9
15,18878,Alvin Kamara,NO,RB,14,641,45.8,58.9,35.6,51.4,13.9,16.9,46.2,49.5,265.3,41.4
16,18983,James Conner,ARI,RB,16,619,38.7,60.0,38.1,51.0,8.9,10.5,45.7,47.0,253.8,41.0
17,21045,Marquise Brown,KC,WR,2,45,22.5,20.1,0.0,0.0,33.3,2.5,20.0,33.3,18.1,40.2
18,19781,Lamar Jackson,BAL,QB,17,1074,63.2,96.8,12.9,25.0,0.0,0.0,57.1,57.1,430.4,40.1
19,23189,Bijan Robinson,ATL,RB,17,861,50.6,75.3,35.3,61.4,8.4,13.4,42.4,43.7,341.7,39.7
20,19801,Josh Allen,BUF,QB,17,968,56.9,89.0,10.5,20.8,0.0,0.0,60.4,60.4,379.0,39.2
21,23214,Kenneth Walker III,SEA,RB,11,469,42.6,47.2,32.6,40.1,11.3,9.4,42.4,43.9,181.2,38.6
22,22564,Ja'Marr Chase,CIN,WR,17,1054,62.0,92.7,0.3,0.8,16.6,27.6,12.3,16.9,403.0,38.2
23,19025,Joshua Dobbs,SF,QB,2,81,40.5,7.5,11.1,2.0,0.0,0.0,69.1,69.1,30.8,38.1
24,24374,Chase Brown,CIN,RB,16,687,42.9,60.4,33.3,59.0,9.5,10.3,41.2,42.8,255.0,37.1
25,23193,Tank Bigsby,JAX,RB,16,351,21.9,34.0,47.9,40.6,3.4,2.2,49.9,51.3,129.0,36.8
26,21674,J.K. Dobbins,LAC,RB,13,533,41.0,63.2,36.6,42.0,7.1,7.7,42.6,43.7,191.8,36.0
27,21768,Najee Harris,PIT,RB,17,569,33.5,50.4,46.2,49.3,8.4,10.0,52.5,54.7,204.6,36.0
28,16597,Mike Evans,TB,WR,14,671,47.9,58.8,0.0,0.0,16.4,19.5,11.0,16.4,240.4,35.8
29,18990,Jonnu Smith,MIA,TE,17,626,36.8,55.0,0.3,0.4,17.7,19.4,14.4,18.1,222.3,35.5
30,24123,Tyjae Spears,TEN,RB,12,320,26.7,29.3,26.2,18.7,10.9,7.2,35.6,37.2,113.6,35.5
31,21690,Tee Higgins,CIN,WR,12,636,53.0,55.9,0.0,0.0,17.1,17.2,11.5,17.1,222.1,34.9
32,21682,Jonathan Taylor,IND,RB,14,707,50.5,65.0,42.9,61.1,4.4,6.3,45.4,47.2,246.7,34.9
33,24933,Brian Thomas Jr.,JAX,WR,17,821,48.3,79.5,0.7,1.4,16.2,24.6,11.3,16.9,284.0,34.6
34,18880,Chris Godwin,TB,WR,7,399,57.0,87.1,0.3,0.2,15.5,11.0,12.8,15.8,137.8,34.5
35,19045,Aaron Jones,MIN,RB,17,700,41.2,62.7,36.4,51.3,8.9,11.8,43.7,45.3,241.6,34.5
36,20933,Miles Sanders,CAR,RB,11,224,20.4,33.9,24.6,13.5,13.4,6.9,35.3,37.9,77.3,34.5
37,21691,Chuba Hubbard,CAR,RB,15,712,47.5,77.4,35.1,61.3,7.6,12.4,41.2,42.7,241.6,33.9
38,23217,Rachaad White,TB,RB,16,591,36.9,51.8,24.4,29.8,9.6,10.1,33.0,34.0,199.6,33.8
39,21831,Jalen Hurts,PHI,QB,15,934,62.3,80.7,16.1,24.2,0.0,0.0,54.7,54.7,315.1,33.7
40,23235,Jayden Daniels,WAS,QB,17,1062,62.5,91.3,13.9,28.1,0.0,0.0,59.1,59.1,355.8,33.5
41,22526,Breece Hall,NYJ,RB,16,720,45.0,67.5,29.0,57.6,10.6,12.8,36.9,39.6,240.9,33.5
42,21693,Joe Burrow,CIN,QB,17,1132,66.6,99.6,3.7,10.8,0.0,0.0,61.3,61.3,372.8,32.9
43,23173,Zach Charbonnet,SEA,RB,17,568,33.4,51.6,23.8,35.3,9.2,9.2,31.2,32.9,186.9,32.9
44,25097,Ladd McConkey,LAC,WR,16,735,45.9,68.9,0.0,0.0,15.2,22.6,11.2,15.2,240.9,32.8
45,18944,Kareem Hunt,KC,RB,13,477,36.7,49.9,41.9,44.4,6.7,5.4,46.8,48.6,155.4,32.6
46,19790,Baker Mayfield,TB,QB,17,1123,66.1,98.3,5.3,12.4,0.0,0.0,56.1,56.1,365.8,32.6
47,15534,Adam Thielen,CAR,WR,10,429,42.9,69.1,0.0,0.0,14.5,14.3,11.2,14.5,139.5,32.5
48,24124,Tanner McKee,PHI,QB,2,89,44.5,7.7,5.6,0.8,0.0,0.0,56.2,56.2,28.8,32.4
49,19562,Austin Ekeler,WAS,RB,12,412,34.3,48.4,18.7,14.6,10.0,7.9,27.2,28.6,132.3,32.1
50,21679,CeeDee Lamb,DAL,WR,15,826,55.1,80.1,1.7,3.2,18.4,23.5,13.9,20.1,263.4,31.9
51,23190,Brian Robinson Jr.,WAS,RB,14,505,36.1,43.4,37.0,35.6,5.0,4.8,41.0,42.0,159.8,31.6
52,25025,Joe Milton III,NE,QB,1,61,61.0,5.6,16.4,2.2,0.0,0.0,63.9,63.9,19.2,31.5
53,22587,Amon-Ra St. Brown,DET,WR,17,1010,59.4,88.1,0.2,0.4,14.0,27.2,11.7,14.3,316.2,31.3
54,23227,Khalil Shakir,BUF,WR,15,586,39.1,53.9,0.3,0.4,17.1,18.6,13.3,17.4,182.5,31.1
55,21952,Rico Dowdle,DAL,RB,16,636,39.8,54.3,36.9,54.5,7.7,7.6,43.1,44.7,197.8,31.1
56,20868,Alexander Mattison,LV,RB,14,444,31.7,39.5,29.7,34.7,10.8,8.5,37.8,40.5,137.4,30.9
57,24953,Malik Nabers,NYG,WR,15,886,59.1,78.8,0.6,1.2,19.2,30.0,13.0,19.9,273.6,30.9
58,20802,Justice Hill,BAL,RB,15,414,27.6,37.3,11.4,8.5,12.3,11.3,21.5,23.7,127.1,30.7
59,23212,Kyren Williams,LAR,RB,16,888,55.5,81.5,35.6,70.2,4.5,7.4,39.4,40.1,272.1,30.6
60,21717,Jauan Jennings,SF,WR,15,689,45.9,63.9,0.0,0.0,16.4,22.0,11.2,16.4,210.5,30.6
61,16815,Ameer Abdullah,LV,RB,16,410,25.6,36.5,16.1,17.4,11.5,8.3,25.9,27.6,125.2,30.5
62,24145,Josh Downs,IND,WR,14,602,43.0,55.4,0.2,0.2,17.8,21.7,12.1,17.9,183.5,30.5
63,16470,Davante Adams,NYJ,WR,14,792,56.6,75.1,0.0,0.0,17.8,23.7,10.7,17.8,241.3,30.5
64,21685,Justin Jefferson,MIN,WR,17,1043,61.4,93.4,0.1,0.2,14.8,29.4,10.1,15.0,317.5,30.4
65,23364,Jordan Mason,SF,RB,12,378,31.5,49.7,40.5,33.5,3.7,2.7,43.4,44.2,115.0,30.4
66,16041,Jimmy Garoppolo,LAR,QB,1,66,66.0,6.9,3.0,0.4,0.0,0.0,65.2,65.2,19.9,30.1
67,22546,Rhamondre Stevenson,NE,RB,15,599,39.9,54.8,34.6,46.4,6.8,8.5,40.1,41.4,175.9,29.4
68,19063,George Kittle,SF,TE,15,808,53.9,74.9,0.0,0.0,11.6,18.3,9.7,11.6,236.6,29.3
69,22492,Justin Fields,PIT,QB,10,408,40.8,36.1,15.2,11.6,0.0,0.0,54.7,54.7,119.1,29.2
70,25069,Bo Nix,DEN,QB,17,1088,64.0,98.7,8.5,20.0,0.1,0.2,60.7,60.7,317.2,29.2
71,17922,Jared Goff,DET,QB,17,1113,65.5,97.1,3.1,6.6,0.1,0.2,51.7,51.7,324.5,29.2
72,21861,Antonio Gibson,NE,RB,17,359,21.1,32.8,33.4,26.9,8.1,6.0,39.8,41.5,103.4,28.8
73,23233,Jayden Reed,GB,WR,17,685,40.3,63.2,2.9,3.8,10.9,16.2,10.9,13.9,197.0,28.8
74,20239,Gus Edwards,LAC,RB,11,223,20.3,27.9,45.3,21.8,2.2,1.0,46.6,47.5,64.1,28.7
75,20873,Terry McLaurin,WAS,WR,17,935,55.0,80.4,0.2,0.4,12.5,22.4,9.0,12.7,267.8,28.6
76,20912,Tony Pollard,TEN,RB,16,701,43.8,64.1,37.1,57.8,8.1,11.7,42.9,45.2,200.7,28.6
77,18877,Christian McCaffrey,SF,RB,4,167,41.8,56.4,29.9,10.9,11.4,3.7,38.9,41.3,47.8,28.6
78,21684,D'Andre Swift,CHI,RB,17,751,44.2,66.1,33.7,60.1,6.9,9.9,39.3,40.6,214.5,28.6
79,21042,A.J. Brown,PHI,WR,13,766,58.9,66.2,0.0,0.0,12.7,23.4,8.7,12.7,216.9,28.3
80,16906,Stefon Diggs,HOU,WR,8,431,53.9,78.1,0.7,0.8,14.8,10.6,11.8,15.8,121.9,28.3
81,23241,Brock Purdy,SF,QB,15,944,62.9,87.5,7.0,14.4,0.0,0.0,55.2,55.2,266.9,28.3
82,25092,Tyrone Tracy Jr.,NYG,RB,17,651,38.3,57.9,29.5,45.1,8.1,9.4,35.3,37.6,182.3,28.0
83,20889,Kyler Murray,ARI,QB,17,1065,62.6,97.2,7.3,16.8,0.0,0.0,58.1,58.1,297.2,27.9
84,23479,Jaylen Warren,PIT,RB,15,447,29.8,39.6,26.8,22.5,10.7,10.0,35.3,37.6,124.1,27.8
85,19812,Sam Darnold,MIN,QB,17,1110,65.3,99.4,6.0,13.5,0.0,0.0,55.1,55.1,308.0,27.7
86,19803,Mark Andrews,BAL,TE,17,682,40.1,61.4,0.6,0.7,10.1,15.3,8.7,10.7,188.8,27.7
87,14986,DeAndre Hopkins,KC,WR,16,533,33.3,47.6,0.0,0.0,15.0,13.5,10.5,15.0,147.0,27.6
88,21784,Zack Moss,CIN,RB,8,297,37.1,53.9,24.9,19.1,9.1,4.3,32.7,34.0,81.9,27.6
89,22558,Javonte Williams,DEN,RB,17,574,33.8,52.1,24.2,30.2,12.2,13.5,33.3,36.4,157.9,27.5
90,24943,Brock Bowers,LV,TE,17,956,56.2,85.1,0.5,1.3,16.0,27.1,12.2,16.5,262.7,27.5
91,18882,Cooper Kupp,LAR,WR,12,637,53.1,58.4,0.3,0.4,15.7,18.5,10.8,16.0,175.0,27.5
92,21681,Justin Herbert,LAC,QB,17,1045,61.5,97.9,6.6,14.9,0.0,0.0,54.8,54.8,285.4,27.3
93,23151,Drake London,ATL,WR,17,1032,60.7,90.3,0.1,0.2,15.3,29.3,9.8,15.4,280.8,27.2
94,22553,Michael Carter,ARI,RB,3,132,44.0,61.7,26.5,7.6,8.3,2.1,34.8,34.8,35.8,27.1
95,22490,Trevor Lawrence,JAX,QB,10,536,53.6,77.0,4.9,6.3,0.0,0.0,57.8,57.8,145.2,27.1
96,19853,Mike Gesicki,CIN,TE,17,523,30.8,46.0,0.0,0.0,15.9,13.1,12.4,15.9,141.5,27.1
97,21841,Jordan Love,GB,QB,15,868,57.9,80.1,2.9,4.8,0.0,0.0,51.8,51.8,233.9,26.9
98,19798,Nick Chubb,CLE,RB,8,236,29.5,40.5,43.2,26.1,4.7,1.9,45.3,47.9,63.3,26.8
99,23132,Bryce Young,CAR,QB,14,728,52.0,70.4,5.9,10.5,0.0,0.0,58.7,58.7,195.0,26.8
100,23251,Trey McBride,ARI,TE,16,934,58.4,85.2,0.1,0.2,15.7,28.1,12.0,15.8,249.8,26.7
101,23157,Jaxon Smith-Njigba,SEA,WR,17,948,55.8,86.2,0.5,1.3,14.5,24.2,11.2,15.1,253.0,26.7
102,24226,Quentin Johnston,LAC,WR,15,656,43.7,61.5,0.5,0.6,13.9,18.3,8.8,14.3,174.7,26.6
103,23729,Rashid Shaheed,NO,WR,6,286,47.7,75.7,2.1,1.4,14.3,7.8,9.1,16.4,75.8,26.5
104,21696,Travis Etienne Jr.,JAX,RB,15,494,32.9,47.8,30.4,36.2,10.5,9.6,38.3,40.9,130.2,26.4
105,24117,Anthony Richardson Sr.,IND,QB,11,620,56.4,57.0,13.9,17.3,0.2,0.2,56.6,56.6,163.4,26.3
106,23371,Isiah Pacheco,KC,RB,7,218,31.1,43.3,38.1,18.4,7.3,2.7,43.6,45.4,56.9,26.1
107,16762,Jameis Winston,CLE,QB,12,504,42.0,42.7,5.0,6.4,0.0,0.0,63.7,63.7,131.1,26.0
108,24958,Drake Maye,NE,QB,13,681,52.4,62.3,7.9,12.1,0.0,0.0,57.6,57.6,177.1,26.0
109,23162,Jordan Addison,MIN,WR,15,818,54.5,73.2,0.4,0.6,12.1,18.9,8.1,12.5,212.5,26.0
110,23234,Jameson Williams,DET,WR,15,826,55.1,79.3,1.3,2.1,11.0,17.5,8.4,12.3,212.2,25.7
111,19800,Courtland Sutton,DEN,WR,17,936,55.1,84.9,0.0,0.0,14.4,26.1,8.9,14.6,240.3,25.7
112,18890,Patrick Mahomes,KC,QB,16,1106,69.1,96.3,5.2,12.9,0.1,0.2,57.9,57.9,283.0,25.6
113,17217,Raheem Mostert,MIA,RB,13,278,21.4,24.4,30.6,19.1,8.3,4.0,37.4,38.8,70.9,25.5
114,23205,Jerome Ford,CLE,RB,14,526,37.6,46.9,19.8,26.6,8.2,7.4,26.8,27.9,134.0,25.5
115,20941,Devin Singletary,NYG,RB,15,380,25.3,33.8,29.7,26.5,6.3,4.2,35.3,36.1,96.6,25.4
116,21677,Tua Tagovailoa,MIA,QB,11,717,65.2,82.4,2.4,3.8,0.0,0.0,58.0,58.0,181.6,25.3
117,18876,David Njoku,CLE,TE,11,589,53.5,52.5,0.0,0.0,16.5,16.7,10.9,16.5,148.5,25.2
118,23120,Zay Flowers,BAL,WR,17,832,48.9,75.0,1.1,1.6,13.9,25.7,10.0,15.0,209.5,25.2
119,16311,Derek Carr,NO,QB,10,604,60.4,55.5,2.8,3.8,0.0,0.0,49.0,49.0,150.9,25.0
120,20859,Drew Lock,NYG,QB,8,321,40.1,28.5,5.6,4.2,0.0,0.0,62.0,62.0,80.1,25.0
121,2593,Aaron Rodgers,NYJ,QB,17,1030,60.6,96.6,2.1,6.1,0.0,0.0,58.8,58.8,256.6,24.9
122,21687,DeVonta Smith,PHI,WR,13,801,61.6,69.2,0.1,0.2,11.1,21.4,8.6,11.2,199.4,24.9
123,14895,Geno Smith,SEA,QB,17,1075,63.2,97.7,4.9,13.9,0.0,0.0,58.7,58.7,266.0,24.7
124,24924,Xavier Worthy,KC,WR,17,757,44.5,65.9,2.6,4.4,12.9,16.5,10.4,15.6,187.2,24.7
125,18912,Evan Engram,JAX,TE,9,363,40.3,48.1,0.0,0.0,17.6,11.8,12.9,17.6,89.5,24.7
126,23122,Garrett Wilson,NYJ,WR,17,1025,60.3,96.2,0.2,0.6,15.0,25.9,10.0,15.2,251.9,24.6
127,22565,Chris Olave,NO,WR,8,315,39.4,52.5,0.3,0.2,14.0,8.4,10.5,14.3,76.7,24.3
128,20876,Jakobi Meyers,LV,WR,15,898,59.9,80.0,0.2,0.5,14.4,22.8,9.9,14.6,218.0,24.3
129,18082,Tyreek Hill,MIA,WR,17,906,53.3,79.6,0.9,1.8,13.6,21.5,9.8,14.5,218.2,24.1
130,14536,Russell Wilson,PIT,QB,11,719,65.4,63.7,6.0,8.1,0.0,0.0,52.7,52.7,172.8,24.0
131,23118,Malik Willis,GB,QB,7,217,31.0,20.0,9.2,3.8,0.0,0.0,34.1,34.1,51.8,23.9
132,25198,Devaughn Vele,DEN,WR,13,447,34.4,40.6,0.0,0.0,12.3,10.6,9.2,12.3,106.5,23.8
133,22602,Tutu Atwell,LAR,WR,17,425,25.0,39.0,0.5,0.4,14.6,11.5,10.6,15.3,98.9,23.3
134,18055,Dak Prescott,DAL,QB,8,501,62.6,81.7,2.6,3.0,0.0,0.0,59.7,59.7,116.5,23.3
135,19863,Dallas Goedert,PHI,TE,10,446,44.6,50.7,0.0,0.0,11.7,12.5,9.4,11.7,103.6,23.2
136,21142,Olamide Zaccheaus,WAS,WR,17,494,29.1,42.5,0.2,0.2,13.0,12.3,9.3,13.2,114.4,23.2
137,14856,Zach Ertz,WAS,TE,17,771,45.4,66.3,0.0,0.0,11.8,17.4,8.6,11.8,177.4,23.0
138,20875,DK Metcalf,SEA,WR,15,831,55.4,75.5,0.0,0.0,13.0,19.1,7.9,13.0,191.2,23.0
139,22623,Rashod Bateman,BAL,WR,17,766,45.1,69.0,0.0,0.0,9.4,15.9,5.9,9.4,174.6,22.8
140,21769,Clyde Edwards-Helaire,NO,RB,2,44,22.0,4.3,29.5,2.9,11.4,1.0,36.4,40.9,10.0,22.7
141,24974,Marvin Harrison Jr.,ARI,WR,17,865,50.9,78.9,0.0,0.0,13.4,22.2,7.2,13.4,196.5,22.7
142,21692,Jerry Jeudy,CLE,WR,17,1061,62.4,89.9,0.0,0.0,13.7,25.0,8.5,13.7,240.9,22.7
143,24927,Caleb Williams,CHI,QB,17,1123,66.1,98.9,7.2,19.2,0.0,0.0,57.3,57.3,254.5,22.7
144,20932,Deebo Samuel Sr.,SF,WR,15,682,45.5,63.2,6.2,9.2,11.9,15.8,13.6,18.0,153.6,22.5
145,23257,Aidan Hutchinson,DET,DL,5,280,56.0,81.9,0.0,0.0,0.0,0.0,0.0,0.0,63.0,22.5
146,24401,Brenton Cox Jr.,GB,DL,7,160,22.9,14.7,0.0,0.0,0.0,0.0,0.0,0.0,35.9,22.4
147,19802,Calvin Ridley,TEN,WR,17,888,52.2,81.2,0.9,1.8,13.5,24.7,8.1,14.4,199.2,22.4
148,19844,DJ Moore,CHI,WR,17,1066,62.7,93.8,1.3,3.3,13.1,26.7,10.6,14.5,238.1,22.3
149,24176,Tank Dell,HOU,WR,14,633,45.2,63.9,1.4,2.3,12.8,13.4,9.5,14.2,140.0,22.1
150,21077,Diontae Johnson,HOU,WR,12,404,33.7,44.2,0.5,0.5,16.6,11.1,8.7,17.1,89.1,22.1
151,24350,Aidan O'Connell,LV,QB,9,427,47.4,49.5,4.9,5.5,0.0,0.0,61.8,61.8,93.5,21.9
152,24180,DeMario Douglas,NE,WR,17,679,39.9,62.1,0.4,0.7,12.8,18.0,10.2,13.3,147.7,21.8
153,25021,Edgerrin Cooper,GB,LB,14,491,35.1,45.1,0.0,0.0,0.0,0.0,0.0,0.0,106.8,21.7
154,15076,Keenan Allen,CHI,WR,15,850,56.7,74.8,0.0,0.0,14.2,23.1,8.4,14.4,184.4,21.7
155,22507,Pat Freiermuth,PIT,TE,17,776,45.6,68.7,0.0,0.0,10.1,16.2,8.4,10.1,168.3,21.7
156,25098,Jalen McMillan,TB,WR,13,626,48.2,54.8,0.6,0.8,9.3,10.3,6.5,9.9,135.4,21.6
157,25122,Jalen Coker,CAR,WR,11,430,39.1,50.4,0.0,0.0,10.7,10.6,7.7,10.9,92.6,21.5
158,24102,Dalton Kincaid,BUF,TE,13,471,36.2,43.3,0.0,0.0,15.9,13.9,9.3,15.9,100.8,21.4
159,23170,Wan'Dale Robinson,NYG,WR,17,857,50.4,76.2,0.4,0.7,16.3,24.7,11.2,16.7,182.7,21.3
160,23239,C.J. Stroud,HOU,QB,17,1035,60.9,93.5,5.0,13.2,0.1,0.2,56.4,56.5,220.4,21.3
161,23153,George Pickens,PIT,WR,14,774,55.3,68.6,0.3,0.4,13.3,21.4,7.9,13.6,164.4,21.2
162,611,Joe Flacco,IND,QB,8,467,58.4,43.0,1.9,1.8,0.0,0.0,55.0,55.0,99.0,21.2
163,19815,Christian Kirk,JAX,WR,8,337,42.1,70.2,0.0,0.0,13.9,8.7,8.0,13.9,70.9,21.0
164,20085,Dennis Gardeck,ARI,OLB,7,207,29.6,45.3,0.0,0.0,0.0,0.0,0.0,0.0,43.4,21.0
165,24268,SirVocea Dennis,TB,LB,4,104,26.0,38.7,0.0,0.0,0.0,0.0,0.0,0.0,21.8,21.0
166,9038,Matthew Stafford,LAR,QB,16,1024,64.0,93.9,2.9,6.7,0.0,0.0,53.4,53.4,214.6,21.0
167,16765,Amari Cooper,BUF,WR,14,587,41.9,52.4,0.0,0.0,14.5,15.8,7.5,14.5,122.7,20.9
168,21071,Greg Dortch,ARI,WR,17,432,25.4,39.4,1.2,1.1,11.6,9.6,9.7,12.7,90.3,20.9
169,15048,Travis Kelce,KC,TE,16,940,58.8,81.9,0.1,0.2,14.1,22.4,10.4,14.3,195.4,20.8
170,24265,Ivan Pace Jr.,MIN,LB,11,414,37.6,48.8,0.0,0.0,0.0,0.0,0.0,0.0,85.9,20.7
171,24982,Ricky Pearsall,SF,WR,11,455,41.4,67.5,0.7,0.7,10.1,9.0,7.7,11.0,93.5,20.5
172,20805,T.J. Hockenson,MIN,TE,10,423,42.3,61.0,0.0,0.0,14.7,11.8,9.7,14.7,86.5,20.4
173,19950,Will Dissly,LAC,TE,15,540,36.0,50.6,0.0,0.0,11.9,12.9,9.3,11.9,110.1,20.4
174,23290,Nik Bonitto,DEN,OLB,17,708,41.6,61.5,0.0,0.0,0.0,0.0,0.0,0.0,144.3,20.4
175,19850,Mason Rudolph,TEN,QB,8,473,59.1,43.2,5.3,5.6,0.0,0.0,53.5,53.5,95.8,20.3
176,23167,Romeo Doubs,GB,WR,13,660,50.8,64.4,0.0,0.0,10.9,15.6,7.0,10.9,132.1,20.0
177,25239,Solomon Byrd,HOU,DE,1,20,20.0,40.8,0.0,0.0,0.0,0.0,0.0,0.0,4.0,20.0
178,20841,Daniel Jones,NYG,QB,10,677,67.7,98.3,9.9,15.7,0.0,0.0,60.3,60.3,135.3,20.0
179,19903,Jordan Akins,CLE,TE,17,456,26.8,38.6,0.0,0.0,12.7,10.0,8.8,12.7,91.0,20.0
180,23232,Alec Pierce,IND,WR,16,817,51.1,75.2,0.0,0.0,8.4,14.0,4.5,8.4,161.4,19.8
181,23256,Isaiah Likely,BAL,TE,16,627,39.2,56.5,0.0,0.0,9.3,12.8,6.7,9.3,123.7,19.7
182,21961,Darnell Mooney,ATL,WR,16,988,61.8,86.4,0.0,0.0,10.7,19.7,6.6,10.8,193.2,19.6
183,20145,Allen Lazard,NYJ,WR,12,649,54.1,78.1,0.0,0.0,9.2,10.1,5.9,9.4,126.0,19.4
184,22496,Mac Jones,JAX,QB,10,497,49.7,48.1,5.6,6.8,0.0,0.0,58.4,58.4,96.1,19.3
185,21810,Tyler Huntley,MIA,QB,5,314,62.8,46.4,8.3,5.8,0.0,0.0,50.6,50.6,60.7,19.3
186,23270,Will Levis,TEN,QB,12,621,51.8,56.8,7.2,10.0,0.0,0.0,55.7,55.7,119.9,19.3
187,14252,Kirk Cousins,ATL,QB,14,913,65.2,79.9,2.5,4.6,0.0,0.0,52.1,52.1,176.3,19.3
188,12841,Andy Dalton,CAR,QB,6,306,51.0,29.6,3.6,2.7,0.0,0.0,55.9,55.9,59.0,19.3
189,19944,Ja'Whaun Bentley,NE,LB,2,61,30.5,31.4,0.0,0.0,0.0,0.0,0.0,0.0,11.8,19.3
190,19080,Noah Brown,WAS,WR,11,449,40.8,51.3,0.0,0.0,12.5,10.7,7.8,12.5,86.3,19.2
191,23141,Sam LaPorta,DET,TE,16,910,56.9,79.4,0.0,0.0,9.1,16.0,6.6,9.1,174.6,19.2
192,23242,Michael Penix Jr.,ATL,QB,5,230,46.0,20.1,3.0,1.4,0.0,0.0,48.7,48.7,44.1,19.2
193,19461,Cooper Rush,DAL,QB,12,572,47.7,48.8,4.5,6.0,0.0,0.0,58.4,58.4,109.6,19.2
194,22566,Calvin Austin III,PIT,WR,17,593,34.9,52.5,0.0,0.0,9.8,12.0,6.1,9.8,112.8,19.0
195,23395,Christian Watson,GB,WR,15,555,37.0,51.2,0.7,0.8,9.5,11.4,5.9,10.3,105.3,19.0
196,17963,Austin Hooper,NE,TE,17,575,33.8,52.6,0.0,0.0,10.3,12.2,7.8,10.3,108.6,18.9
197,22598,Jaylen Waddle,MIA,WR,15,793,52.9,69.7,0.5,0.9,10.5,14.5,7.8,11.0,149.6,18.9
198,23253,Dontayvion Wicks,GB,WR,17,586,34.5,54.1,0.0,0.0,13.0,16.4,6.7,13.0,110.5,18.9
199,24087,Will Anderson Jr.,HOU,DE,14,561,40.1,51.8,0.0,0.0,0.0,0.0,0.0,0.0,105.3,18.8
200,22501,Kenny Pickett,PHI,QB,5,134,26.8,11.6,6.7,1.4,0.0,0.0,38.1,38.1,25.1,18.8
201,18981,Trey Hendrickson,CIN,DE,17,825,48.5,72.5,0.0,0.0,0.0,0.0,0.0,0.0,154.1,18.7
202,24964,Keon Coleman,BUF,WR,13,598,46.0,55.0,0.2,0.2,9.5,10.6,5.0,9.7,111.5,18.6
203,24348,Cedric Tillman,CLE,WR,11,432,39.3,38.5,0.2,0.3,11.3,8.4,6.9,11.6,80.4,18.6
204,22508,Kyle Pitts Sr.,ATL,TE,17,707,41.6,61.9,0.0,0.0,10.5,13.7,6.6,10.5,131.2,18.6
205,18857,Deshaun Watson,CLE,QB,7,415,59.3,87.0,7.5,7.9,0.0,0.0,59.5,59.5,76.7,18.5
206,25133,Bub Means,NO,WR,7,145,20.7,27.8,0.0,0.0,10.3,2.9,6.2,10.3,26.8,18.5
207,25003,Xavier Legette,CAR,WR,16,680,42.5,65.8,0.9,1.5,12.4,19.3,8.1,13.2,125.1,18.4
208,21744,Michael Pittman Jr.,IND,WR,16,904,56.5,83.2,0.0,0.0,12.3,22.6,7.6,12.3,165.8,18.3
209,23368,Jalen Nailor,MIN,WR,17,573,33.7,51.3,0.5,0.6,7.3,8.0,5.4,7.9,105.0,18.3
210,20753,Noah Fant,SEA,TE,14,569,40.6,51.7,0.0,0.0,11.2,11.3,8.4,11.2,104.0,18.3
211,16366,DeMarcus Lawrence,DAL,DE,4,167,41.8,62.5,0.0,0.0,0.0,0.0,0.0,0.0,30.5,18.3
212,21907,Zack Baun,PHI,LB,16,939,58.7,90.9,0.0,0.0,0.0,0.0,0.0,0.0,171.3,18.2
213,23526,Jayden Peevy,CAR,DE,4,84,21.0,24.6,0.0,0.0,0.0,0.0,0.0,0.0,15.3,18.2
214,16767,Leonard Williams,SEA,DE,16,750,46.9,66.5,0.0,0.0,0.0,0.0,0.0,0.0,135.7,18.1
215,16764,Dante Fowler Jr.,WAS,LB,17,564,33.2,52.2,0.0,0.0,0.0,0.0,0.0,0.0,102.0,18.1
216,16467,Kyle Van Noy,BAL,OLB,16,631,39.4,55.7,0.0,0.0,0.0,0.0,0.0,0.0,112.3,17.8
217,25846,Dondrea Tillman,DEN,OLB,12,242,20.2,23.7,0.0,0.0,0.0,0.0,0.0,0.0,43.0,17.8
218,19976,Marquez Valdes-Scantling,NO,WR,14,478,34.1,47.8,0.2,0.2,9.2,8.4,4.2,9.4,84.5,17.7
219,24118,Tucker Kraft,GB,TE,17,925,54.4,85.3,0.3,0.6,7.6,15.1,5.7,7.9,163.3,17.7
220,24375,Josh Whyle,TEN,TE,17,345,20.3,31.5,0.0,0.0,10.7,7.6,8.1,10.7,60.8,17.6
221,21738,Juwan Johnson,NO,TE,17,697,41.0,64.1,0.0,0.0,9.5,12.5,7.2,9.5,122.8,17.6
222,21734,Nick Westbrook-Ikhine,TEN,WR,17,772,45.4,70.6,0.0,0.0,7.8,12.3,4.1,7.8,135.7,17.6
223,24137,Jaquelin Roy,NE,DT,6,141,23.5,24.1,0.0,0.0,0.0,0.0,0.0,0.0,24.7,17.5
224,21747,Brandon Aiyuk,SF,WR,7,357,51.0,76.3,0.0,0.0,13.2,9.2,7.0,13.2,62.4,17.5
225,18911,Derek Barnett,HOU,DE,16,390,24.4,36.0,0.0,0.0,0.0,0.0,0.0,0.0,68.0,17.4
226,22613,Joshua Palmer,LAC,WR,15,616,41.1,57.7,0.0,0.0,10.6,13.1,6.3,10.6,107.4,17.4
227,17975,Hunter Henry,NE,TE,16,835,52.2,76.4,0.0,0.0,11.6,20.1,7.9,11.6,145.4,17.4
228,18807,Myles Garrett,CLE,DE,17,826,48.6,76.5,0.0,0.0,0.0,0.0,0.0,0.0,143.7,17.4
229,24973,Troy Franklin,DEN,WR,16,386,24.1,35.0,0.5,0.4,13.7,10.2,7.8,14.2,67.1,17.4
230,20971,Andrew Van Ginkel,MIN,OLB,17,922,54.2,81.4,0.0,0.0,0.0,0.0,0.0,0.0,159.3,17.3
231,25035,Payton Wilson,PIT,LB,17,492,28.9,45.1,0.0,0.0,0.0,0.0,0.0,0.0,84.5,17.2
232,22696,Jeremiah Owusu-Koramoah,CLE,LB,8,463,57.9,92.0,0.0,0.0,0.0,0.0,0.0,0.0,79.4,17.1
233,23489,Chig Okonkwo,TEN,TE,17,665,39.1,60.8,0.2,0.2,10.5,14.4,8.0,10.7,113.6,17.1
234,20880,Gardner Minshew,LV,QB,10,564,56.4,78.4,3.4,5.0,0.0,0.0,57.6,57.6,96.3,17.1
235,24487,Tre Hawkins III,NYG,CB,3,82,27.3,10.0,0.0,0.0,0.0,0.0,0.0,0.0,14.0,17.1
236,21785,Noah Gray,KC,TE,17,664,39.1,57.8,0.2,0.2,7.4,8.3,6.2,7.5,113.3,17.1
237,22597,Jalen Tolbert,DAL,WR,17,892,52.5,76.2,0.0,0.0,8.9,12.2,5.5,8.9,152.0,17.0
238,23186,Spencer Rattler,NO,QB,7,396,56.6,36.4,4.5,4.1,0.0,0.0,62.1,62.1,67.3,17.0
239,18979,John Johnson III,LAR,DB,2,59,29.5,46.5,0.0,0.0,0.0,0.0,0.0,0.0,10.0,16.9
240,23138,Jake Ferguson,DAL,TE,14,616,44.0,52.6,0.0,0.0,14.0,13.3,9.6,14.0,104.4,16.9
241,21675,Tyler Johnson,LAR,WR,15,361,24.1,33.1,0.0,0.0,11.4,7.6,7.2,11.4,61.1,16.9
242,24261,Dorian Williams,BUF,LB,17,649,38.2,59.2,0.0,0.0,0.0,0.0,0.0,0.0,109.5,16.9
243,18928,Curtis Samuel,BUF,WR,14,378,27.0,34.7,1.3,1.0,12.2,8.5,9.5,13.5,63.7,16.9
244,13022,Von Miller,BUF,LB,13,279,21.5,33.1,0.0,0.0,0.0,0.0,0.0,0.0,46.8,16.8
245,23309,Nakobe Dean,PHI,LB,15,858,57.2,83.1,0.0,0.0,0.0,0.0,0.0,0.0,143.6,16.7
246,24143,Parker Washington,JAX,WR,17,584,34.4,56.5,0.0,0.0,8.7,9.4,5.5,8.7,97.0,16.6
247,20713,Nick Bosa,SF,DL,14,693,49.5,65.1,0.0,0.0,0.0,0.0,0.0,0.0,115.1,16.6
248,22502,Desmond Ridder,LV,QB,5,132,26.4,19.8,6.8,2.4,0.0,0.0,71.2,71.2,21.9,16.6
249,18916,T.J. Watt,PIT,LB,17,938,55.2,85.9,0.0,0.0,0.0,0.0,0.0,0.0,155.4,16.6
250,23541,Micah McFadden,NYG,ILB,14,670,47.9,61.2,0.0,0.0,0.0,0.0,0.0,0.0,110.9,16.6
251,24241,Chamarri Conner,KC,S,15,573,38.2,53.0,0.0,0.0,0.0,0.0,0.0,0.0,94.4,16.5
252,23134,Cade Otton,TB,TE,14,856,61.1,75.0,0.1,0.2,10.2,15.5,7.0,10.3,140.6,16.4
253,20283,Tim Boyle,NYG,QB,3,85,28.3,13.6,3.5,0.7,0.0,0.0,62.4,62.4,13.9,16.4
254,24263,DeMarvion Overshown,DAL,LB,13,709,54.5,83.3,0.0,0.0,0.0,0.0,0.0,0.0,116.2,16.4
255,22698,Greg Rousseau,BUF,DE,16,735,45.9,67.1,0.0,0.0,0.0,0.0,0.0,0.0,120.0,16.3
256,23534,Troy Andersen,ATL,ILB,7,285,40.7,34.1,0.0,0.0,0.0,0.0,0.0,0.0,46.5,16.3
257,24904,Josh Butler,DAL,CB,5,160,32.0,49.7,0.0,0.0,0.0,0.0,0.0,0.0,26.0,16.2
258,16809,Denzel Perryman,LAC,LB,11,340,30.9,31.1,0.0,0.0,0.0,0.0,0.0,0.0,54.7,16.1
259,20731,Johnathan Abram,NO,S,3,115,38.3,50.9,0.0,0.0,0.0,0.0,0.0,0.0,18.5,16.1
260,24273,Eku Leota,PIT,OLB,3,69,23.0,34.8,0.0,0.0,0.0,0.0,0.0,0.0,11.1,16.1
261,24201,Nick Herbig,PIT,LB,13,415,31.9,38.0,0.0,0.0,0.0,0.0,0.0,0.0,66.7,16.1
262,23121,Kayshon Boutte,NE,WR,15,760,50.7,69.5,0.0,0.0,8.9,14.1,5.7,8.9,121.9,16.0
263,23376,Devonte Wyatt,GB,DL,14,362,25.9,33.2,0.0,0.0,0.0,0.0,0.0,0.0,57.7,15.9
264,22695,Micah Parsons,DAL,LB,13,696,53.5,63.2,0.0,0.0,0.0,0.0,0.0,0.0,110.8,15.9
265,20024,Zaire Franklin,IND,LB,17,1156,68.0,100.0,0.0,0.0,0.0,0.0,0.0,0.0,184.0,15.9
266,24223,Brenton Strange,JAX,TE,17,575,33.8,55.7,0.0,0.0,9.2,9.8,7.0,9.2,91.1,15.8
267,16830,Tyler Lockett,SEA,WR,17,765,45.0,69.5,0.0,0.0,9.7,13.1,6.4,9.7,121.0,15.8
268,17085,Alex Singleton,DEN,ILB,3,190,63.3,100.0,0.0,0.0,0.0,0.0,0.0,0.0,30.0,15.8
269,23416,Jaquan Brisker,CHI,S,5,294,58.8,52.4,0.0,0.0,0.0,0.0,0.0,0.0,46.4,15.8
270,16849,Danielle Hunter,HOU,DE,17,766,45.1,70.8,0.0,0.0,0.0,0.0,0.0,0.0,120.8,15.8
271,17961,Sterling Shepard,TB,WR,14,509,36.4,49.4,1.6,1.7,10.0,9.1,7.9,11.6,80.3,15.8
272,25106,AJ Barner,SEA,TE,17,501,29.5,45.5,0.0,0.0,7.6,6.7,6.0,7.6,78.5,15.7
273,22704,Paulson Adebo,NO,CB,7,438,62.6,90.7,0.0,0.0,0.0,0.0,0.0,0.0,68.5,15.6
274,22890,Patrick Jones II,MIN,OLB,15,459,30.6,40.5,0.0,0.0,0.0,0.0,0.0,0.0,71.7,15.6
275,24173,Michael Wilson,ARI,WR,16,799,49.9,72.9,0.1,0.2,8.9,13.6,6.0,9.0,124.5,15.6
276,20852,Dexter Lawrence II,NYG,DL,12,552,46.0,73.0,0.0,0.0,0.0,0.0,0.0,0.0,86.0,15.6
277,25208,Erick All Jr.,CIN,TE,9,231,25.7,41.9,0.0,0.0,9.5,3.5,8.7,9.5,35.8,15.5
278,24186,Brian Branch,DET,DB,16,917,57.3,83.8,0.0,0.0,0.0,0.0,0.0,0.0,141.7,15.5
279,23017,Christian Elliss,NE,LB,16,513,32.1,45.9,0.0,0.0,0.0,0.0,0.0,0.0,78.8,15.4
280,21879,Jonathan Greenard,MIN,OLB,17,918,54.0,81.0,0.0,0.0,0.0,0.0,0.0,0.0,140.0,15.3
281,21134,Kaden Elliss,ATL,ILB,17,1095,64.4,98.4,0.0,0.0,0.0,0.0,0.0,0.0,166.7,15.2
282,25214,Jaylon Carlies,IND,LB,10,242,24.2,35.6,0.0,0.0,0.0,0.0,0.0,0.0,36.8,15.2
283,12902,Cameron Heyward,PIT,DT,17,778,45.8,71.2,0.0,0.0,0.0,0.0,0.0,0.0,118.2,15.2
284,24977,Rome Odunze,CHI,WR,17,954,56.1,84.0,0.3,0.7,10.6,19.3,6.0,10.9,144.9,15.2
285,21897,Alex Highsmith,PIT,LB,11,525,47.7,48.1,0.0,0.0,0.0,0.0,0.0,0.0,79.5,15.1
286,19988,Tyler Conklin,NYJ,TE,16,805,50.3,75.5,0.1,0.3,8.9,12.1,6.5,9.1,121.9,15.1
287,16806,Eric Kendricks,DAL,LB,15,920,61.3,83.6,0.0,0.0,0.0,0.0,0.0,0.0,139.3,15.1
288,21052,Brian Burns,NYG,OLB,17,866,50.9,79.2,0.0,0.0,0.0,0.0,0.0,0.0,130.2,15.0
289,20051,Zach Sieler,MIA,DT,15,748,49.9,70.3,0.0,0.0,0.0,0.0,0.0,0.0,112.4,15.0
290,19120,David Moore,CAR,WR,17,568,33.4,54.9,0.2,0.2,10.0,13.1,5.8,10.2,85.1,15.0
291,21490,Azeez Al-Shaair,HOU,LB,11,573,52.1,65.3,0.0,0.0,0.0,0.0,0.0,0.0,85.7,15.0
292,22867,Odafe Oweh,BAL,OLB,17,636,37.4,56.1,0.0,0.0,0.0,0.0,0.0,0.0,94.4,14.8
293,24625,Tommy DeVito,NYG,QB,3,91,30.3,8.1,8.8,1.9,0.0,0.0,57.1,57.1,13.5,14.8
294,24003,Jack Gibbens,TEN,LB,10,235,23.5,38.5,0.0,0.0,0.0,0.0,0.0,0.0,34.8,14.8
295,16568,Brandin Cooks,DAL,WR,10,471,47.1,69.5,0.6,0.7,11.5,8.3,6.2,12.1,69.6,14.8
296,19960,DeShon Elliott,PIT,S,15,823,54.9,75.4,0.0,0.0,0.0,0.0,0.0,0.0,121.5,14.8
297,24269,Ventrell Miller,JAX,LB,15,481,32.1,40.5,0.0,0.0,0.0,0.0,0.0,0.0,71.0,14.8
298,21111,Ugo Amadi,NO,S,11,527,47.9,68.9,0.0,0.0,0.0,0.0,0.0,0.0,77.7,14.7
299,20773,Kevin Givens,SF,DL,8,185,23.1,24.8,0.0,0.0,0.0,0.0,0.0,0.0,27.2,14.7
300,21054,Devin Bush,CLE,ILB,16,497,31.1,46.0,0.0,0.0,0.0,0.0,0.0,0.0,73.2,14.7
301,21118,Blake Cashman,MIN,LB,14,895,63.9,79.0,0.0,0.0,0.0,0.0,0.0,0.0,131.4,14.7
302,17933,DeForest Buckner,IND,DT,12,578,48.2,71.3,0.0,0.0,0.0,0.0,0.0,0.0,84.7,14.6
303,24209,Calijah Kancey,TB,DL,12,541,45.1,48.4,0.0,0.0,0.0,0.0,0.0,0.0,79.1,14.6
304,18927,Budda Baker,ARI,S,17,1067,62.8,98.6,0.0,0.0,0.0,0.0,0.0,0.0,155.8,14.6
305,25246,Tyrice Knight,SEA,LB,16,551,34.4,48.9,0.0,0.0,0.0,0.0,0.0,0.0,80.5,14.6
306,19891,Fred Warner,SF,LB,17,998,58.7,93.7,0.0,0.0,0.0,0.0,0.0,0.0,145.5,14.6
307,22005,Jordyn Brooks,MIA,LB,17,1039,61.1,97.7,0.0,0.0,0.0,0.0,0.0,0.0,151.4,14.6
308,3341,Calais Campbell,MIA,DT,17,615,36.2,57.8,0.0,0.0,0.0,0.0,0.0,0.0,89.5,14.6
309,23160,John Metchie III,HOU,WR,13,381,29.3,34.4,0.0,0.0,9.7,6.1,6.3,9.7,55.4,14.5
310,11315,Brandon Graham,PHI,DE,11,311,28.3,46.1,0.0,0.0,0.0,0.0,0.0,0.0,45.2,14.5
311,21882,Darrell Taylor,CHI,DL,16,375,23.4,35.1,0.0,0.0,0.0,0.0,0.0,0.0,54.5,14.5
312,17145,Neville Hewitt,HOU,LB,17,341,20.1,31.5,0.0,0.0,0.0,0.0,0.0,0.0,49.5,14.5
313,25027,Kamren Kinchens,LAR,S,17,514,30.2,46.1,0.0,0.0,0.0,0.0,0.0,0.0,74.5,14.5
314,23444,Quay Walker,GB,LB,13,747,57.5,68.6,0.0,0.0,0.0,0.0,0.0,0.0,107.9,14.4
315,19207,Tim Patrick,DET,WR,16,641,40.1,59.1,0.0,0.0,6.9,8.5,5.1,6.9,92.4,14.4
316,22334,Christian Rozeboom,LAR,ILB,17,828,48.7,74.3,0.0,0.0,0.0,0.0,0.0,0.0,118.6,14.3
317,19961,Ray-Ray McCloud III,ATL,WR,17,981,57.7,85.8,1.0,2.0,8.9,16.1,7.3,9.9,140.5,14.3
318,19318,Kendrick Bourne,NE,WR,12,456,38.0,54.0,0.2,0.2,8.3,7.9,6.6,8.8,65.1,14.3
319,22714,Nick Bolton,KC,LB,16,941,58.8,87.0,0.0,0.0,0.0,0.0,0.0,0.0,134.3,14.3
320,20646,Robert Spillane,LV,LB,17,1095,64.4,98.2,0.0,0.0,0.0,0.0,0.0,0.0,156.1,14.3
321,22866,Naquan Jones,ARI,DT,12,261,21.8,29.0,0.0,0.0,0.0,0.0,0.0,0.0,37.1,14.2
322,19827,Roquan Smith,BAL,ILB,16,992,62.0,87.6,0.0,0.0,0.0,0.0,0.0,0.0,140.8,14.2
323,21999,Akeem Davis-Gaither,CIN,LB,17,535,31.5,47.0,0.0,0.0,0.0,0.0,0.0,0.0,75.5,14.1
324,23296,Leo Chenal,KC,LB,17,445,26.2,41.2,0.0,0.0,0.0,0.0,0.0,0.0,63.0,14.1
325,23542,Malcolm Rodriguez,DET,LB,10,318,31.8,40.7,0.0,0.0,0.0,0.0,0.0,0.0,44.7,14.1
326,22870,Azeez Ojulari,NYG,OLB,11,392,35.6,57.6,0.0,0.0,0.0,0.0,0.0,0.0,55.1,14.1
327,23261,Nolan Smith Jr.,PHI,OLB,16,546,34.1,52.9,0.0,0.0,0.0,0.0,0.0,0.0,76.7,14.0
328,24954,Adonai Mitchell,IND,WR,17,383,22.5,35.2,1.0,0.8,14.4,11.2,7.3,15.7,53.8,14.0
329,20749,T.J. Edwards,CHI,LB,17,1055,62.1,98.8,0.0,0.0,0.0,0.0,0.0,0.0,147.4,14.0
330,14375,Lavonte David,TB,LB,17,1078,63.4,96.5,0.0,0.0,0.0,0.0,0.0,0.0,150.3,13.9
331,24288,Luke Schoonmaker,DAL,TE,17,411,24.2,35.1,0.0,0.0,8.8,5.6,6.6,8.8,57.1,13.9
332,19933,Josey Jewell,CAR,ILB,12,797,66.4,65.4,0.0,0.0,0.0,0.0,0.0,0.0,110.5,13.9
333,19942,John Franklin-Myers,DEN,DE,17,533,31.4,46.3,0.0,0.0,0.0,0.0,0.0,0.0,73.8,13.9
334,18047,Demarcus Robinson,LAR,WR,17,892,52.5,81.8,0.0,0.0,7.2,11.8,3.5,7.2,123.5,13.8
335,24947,Ja'Tavion Sanders,CAR,TE,16,531,33.2,51.4,0.0,0.0,8.1,9.9,6.2,8.1,73.2,13.8
336,20884,Foster Moreau,NO,TE,17,752,44.2,69.1,0.0,0.0,5.7,8.2,4.3,5.7,103.3,13.7
337,25103,Malik Washington,MIA,WR,14,414,29.6,36.4,1.2,1.1,8.7,6.3,7.5,9.9,56.8,13.7
338,16323,Khalil Mack,LAC,OLB,16,616,38.5,56.4,0.0,0.0,0.0,0.0,0.0,0.0,84.5,13.7
339,17979,A'Shawn Robinson,CAR,DE,16,708,44.2,58.1,0.0,0.0,0.0,0.0,0.0,0.0,97.0,13.7
340,19023,Mack Hollins,BUF,WR,17,721,42.4,66.3,0.0,0.0,6.9,9.3,4.3,6.9,98.8,13.7
341,19920,Dalton Schultz,HOU,TE,17,865,50.9,78.1,0.0,0.0,9.8,14.1,6.1,9.8,118.2,13.7
342,20897,Bobby Okereke,NYG,ILB,12,736,61.3,83.4,0.0,0.0,0.0,0.0,0.0,0.0,100.4,13.6
343,16093,C.J. Mosley,NYJ,LB,4,110,27.5,13.8,0.0,0.0,0.0,0.0,0.0,0.0,15.0,13.6
344,23447,Terrel Bernard,BUF,LB,13,749,57.6,68.3,0.0,0.0,0.0,0.0,0.0,0.0,102.1,13.6
345,22686,Dyami Brown,WAS,WR,16,495,30.9,42.6,0.6,0.6,8.1,7.7,6.9,8.9,67.4,13.6
346,25218,Braden Fiske,LAR,DE,17,661,38.9,59.3,0.0,0.0,0.0,0.0,0.0,0.0,90.0,13.6
347,22804,Jamien Sherwood,NYJ,LB,17,1065,62.6,92.8,0.0,0.0,0.0,0.0,0.0,0.0,144.6,13.6
348,24262,Daiyan Henley,LAC,LB,17,996,58.6,91.1,0.0,0.0,0.0,0.0,0.0,0.0,135.1,13.6
349,22592,Elijah Moore,CLE,WR,17,892,52.5,75.6,0.1,0.3,11.4,17.6,7.0,11.5,120.9,13.6
350,20013,Cedrick Wilson Jr.,NO,WR,15,384,25.6,35.3,0.0,0.0,7.0,5.1,5.5,7.3,51.9,13.5
351,20219,Jonathan Owens,CHI,S,17,429,25.2,40.2,0.0,0.0,0.0,0.0,0.0,0.0,58.0,13.5
352,24119,Andrei Iosivas,CIN,WR,17,892,52.5,78.5,0.0,0.0,6.8,9.6,4.0,6.8,119.9,13.4
353,21218,Tyrel Dodson,MIA,LB,17,855,50.3,76.1,0.0,0.0,0.0,0.0,0.0,0.0,114.9,13.4
354,22697,Zaven Collins,ARI,OLB,17,602,35.4,55.6,0.0,0.0,0.0,0.0,0.0,0.0,80.9,13.4
355,20411,Frankie Luvu,WAS,LB,17,1059,62.3,98.1,0.0,0.0,0.0,0.0,0.0,0.0,142.1,13.4
356,19862,Harold Landry III,TEN,OLB,17,882,51.9,83.4,0.0,0.0,0.0,0.0,0.0,0.0,118.3,13.4
357,20915,Germaine Pratt,CIN,LB,17,1078,63.4,94.7,0.0,0.0,0.0,0.0,0.0,0.0,144.5,13.4
358,19928,Taron Johnson,BUF,CB,12,647,53.9,59.0,0.0,0.0,0.0,0.0,0.0,0.0,86.6,13.4
359,24471,Ryan Miller,TB,WR,11,275,25.0,36.1,0.0,0.0,7.3,3.6,4.4,7.3,36.8,13.4
360,20940,Jeffery Simmons,TEN,DT,16,807,50.4,76.3,0.0,0.0,0.0,0.0,0.0,0.0,108.0,13.3
361,21940,Antoine Winfield Jr.,TB,S,9,529,58.8,47.4,0.0,0.0,0.0,0.0,0.0,0.0,70.1,13.3
362,25542,Omar Speights,LAR,ILB,17,419,24.6,37.6,0.0,0.0,0.0,0.0,0.0,0.0,55.5,13.2
363,16678,Jimmie Ward,HOU,S,10,461,46.1,47.5,0.0,0.0,0.0,0.0,0.0,0.0,61.0,13.2
364,22003,Logan Wilson,CIN,LB,11,745,67.7,90.7,0.0,0.0,0.0,0.0,0.0,0.0,98.5,13.2
365,24249,Derick Hall,SEA,OLB,17,674,39.6,59.8,0.0,0.0,0.0,0.0,0.0,0.0,89.1,13.2
366,21117,E.J. Speed,IND,LB,15,1010,67.3,87.4,0.0,0.0,0.0,0.0,0.0,0.0,133.5,13.2
367,23267,Bailey Zappe,CLE,QB,1,53,53.0,8.6,3.8,0.5,0.0,0.0,62.3,62.3,7.0,13.2
368,23421,Marcus Jones,NE,CB,14,551,39.4,56.7,0.2,0.2,0.2,0.2,0.4,0.4,73.3,13.2
369,23316,Travon Walker,JAX,DE,17,911,53.6,76.6,0.0,0.0,0.0,0.0,0.0,0.0,119.9,13.2
370,18936,Raekwon McMillan,TEN,LB,11,266,24.2,37.0,0.0,0.0,0.0,0.0,0.0,0.0,35.0,13.2
371,22644,DJ Turner,LV,WR,12,358,29.8,45.5,1.4,1.3,8.1,5.1,5.9,9.5,47.1,13.2
372,21735,Gabe Davis,JAX,WR,10,410,41.0,65.5,0.0,0.0,10.2,7.8,4.9,10.2,53.9,13.1
373,20767,Rashan Gary,GB,DE,17,639,37.6,58.7,0.0,0.0,0.0,0.0,0.0,0.0,84.0,13.1
374,24177,Tre Tucker,LV,WR,17,984,57.9,87.6,0.9,2.4,8.2,14.3,5.7,9.1,129.3,13.1
375,17935,Leonard Floyd,SF,DE,17,606,35.6,56.9,0.0,0.0,0.0,0.0,0.0,0.0,79.5,13.1
376,22868,Joseph Ossai,CIN,DE,17,576,33.9,50.6,0.0,0.0,0.0,0.0,0.0,0.0,75.5,13.1
377,19918,Josh Sweat,PHI,OLB,16,622,38.9,60.2,0.0,0.0,0.0,0.0,0.0,0.0,81.4,13.1
378,24111,Gervon Dexter Sr.,CHI,DT,15,617,41.1,57.8,0.0,0.0,0.0,0.0,0.0,0.0,80.7,13.1
379,14534,Bobby Wagner,WAS,ILB,17,1072,63.1,99.3,0.0,0.0,0.0,0.0,0.0,0.0,139.8,13.0
380,21015,Maxx Crosby,LV,DE,12,768,64.0,84.1,0.0,0.0,0.0,0.0,0.0,0.0,99.8,13.0
381,22493,Trey Lance,DAL,QB,4,98,24.5,8.4,11.2,2.6,0.0,0.0,53.1,53.1,12.7,13.0
382,22746,Jonathon Cooper,DEN,OLB,17,820,48.2,71.2,0.0,0.0,0.0,0.0,0.0,0.0,106.5,13.0
383,24276,Will McDonald IV,NYJ,DE,17,758,44.6,66.0,0.0,0.0,0.0,0.0,0.0,0.0,98.4,13.0
384,16883,Za'Darius Smith,DET,DE,17,618,36.4,55.6,0.0,0.0,0.0,0.0,0.0,0.0,80.2,13.0
385,20738,Zach Allen,DEN,DE,16,964,60.2,83.7,0.0,0.0,0.0,0.0,0.0,0.0,125.0,13.0
386,17994,Kevin Byard III,CHI,S,17,1056,62.1,98.9,0.0,0.0,0.0,0.0,0.0,0.0,136.7,12.9
387,23437,Devin Lloyd,JAX,LB,16,883,55.2,74.3,0.0,0.0,0.0,0.0,0.0,0.0,114.3,12.9
388,19273,Eric Wilson,GB,LB,17,558,32.8,51.2,0.0,0.0,0.0,0.0,0.0,0.0,72.2,12.9
389,23545,Baylon Spector,BUF,LB,11,291,26.5,39.9,0.0,0.0,0.0,0.0,0.0,0.0,37.6,12.9
390,18018,Jacoby Brissett,NE,QB,8,351,43.9,32.1,4.3,3.4,0.0,0.0,50.1,50.1,45.2,12.9
391,21985,Kenneth Murray Jr.,TEN,LB,14,817,58.4,87.0,0.0,0.0,0.0,0.0,0.0,0.0,105.3,12.9
392,24139,Jared Verse,LAR,OLB,17,834,49.1,74.8,0.0,0.0,0.0,0.0,0.0,0.0,107.5,12.9
393,23539,Nate Landman,ATL,ILB,13,544,41.8,64.7,0.0,0.0,0.0,0.0,0.0,0.0,70.0,12.9
394,19940,Kyzir White,ARI,ILB,17,1018,59.9,94.1,0.0,0.0,0.0,0.0,0.0,0.0,130.9,12.9
395,25157,Dru Phillips,NYG,CB,14,616,44.0,56.3,0.0,0.0,0.0,0.0,0.0,0.0,79.0,12.8
396,21927,Brandon Jones,DEN,S,16,975,60.9,84.6,0.0,0.0,0.0,0.0,0.0,0.0,125.0,12.8
397,16845,Jordan Hicks,CLE,LB,12,604,50.3,55.9,0.0,0.0,0.0,0.0,0.0,0.0,76.7,12.7
398,20007,Foyesade Oluokun,JAX,LB,13,815,62.7,88.8,0.0,0.0,0.0,0.0,0.0,0.0,103.4,12.7
399,24252,Isaiah McGuire,CLE,DE,16,469,29.3,43.4,0.0,0.0,0.0,0.0,0.0,0.0,59.5,12.7
400,22422,Teair Tart,LAC,DT,17,348,20.5,31.8,0.0,0.0,0.0,0.0,0.0,0.0,44.1,12.7
401,23514,D.J. Davidson,NYG,DL,12,262,21.8,34.7,0.0,0.0,0.0,0.0,0.0,0.0,33.2,12.7
402,20968,Drue Tranquill,KC,LB,16,798,49.9,73.8,0.0,0.0,0.0,0.0,0.0,0.0,101.1,12.7
403,19999,Jacob Martin,CHI,DE,11,222,20.2,31.6,0.0,0.0,0.0,0.0,0.0,0.0,28.1,12.7
404,22865,Ernest Jones IV,SEA,LB,16,995,62.2,96.5,0.0,0.0,0.0,0.0,0.0,0.0,125.8,12.6
405,19871,Sam Hubbard,CIN,DE,14,523,37.4,46.0,0.0,0.0,0.2,0.2,0.2,0.2,66.8,12.6
406,23386,Arnold Ebiketie,ATL,OLB,17,543,31.9,48.8,0.0,0.0,0.0,0.0,0.0,0.0,68.5,12.6
407,20943,Darius Slayton,NYG,WR,16,872,54.5,77.5,0.2,0.5,8.1,12.5,4.7,8.4,110.0,12.6
408,18917,Marlon Humphrey,BAL,CB,16,903,56.4,79.7,0.0,0.0,0.0,0.0,0.0,0.0,113.8,12.6
409,18481,Michael Pierce,BAL,NT,11,231,21.0,29.8,0.0,0.0,0.0,0.0,0.0,0.0,29.1,12.6
410,24099,Clark Phillips III,ATL,CB,16,407,25.4,36.6,0.0,0.0,0.0,0.0,0.0,0.0,51.0,12.5
411,19020,Deatrich Wise Jr.,NE,DE,15,408,27.2,36.5,0.0,0.0,0.0,0.0,0.0,0.0,51.1,12.5
412,18883,JuJu Smith-Schuster,KC,WR,14,424,30.3,36.9,0.0,0.0,6.1,4.4,4.2,6.1,53.1,12.5
413,24474,Kobie Turner,LAR,DE,17,834,49.1,74.8,0.0,0.0,0.0,0.0,0.0,0.0,104.4,12.5
414,21881,A.J. Epenesa,BUF,DE,17,612,36.0,55.8,0.0,0.0,0.0,0.0,0.0,0.0,76.6,12.5
415,21109,Quincy Williams,NYJ,LB,17,1138,66.9,99.1,0.0,0.0,0.0,0.0,0.0,0.0,142.2,12.5
416,24277,Yaya Diaby,TB,OLB,17,785,46.2,70.3,0.0,0.0,0.0,0.0,0.0,0.0,97.9,12.5
417,23344,Christian Harris,HOU,LB,3,172,57.3,67.7,0.0,0.0,0.0,0.0,0.0,0.0,21.4,12.4
418,24443,Cory Trice Jr.,PIT,CB,6,193,32.2,37.6,0.0,0.0,0.0,0.0,0.0,0.0,24.0,12.4
419,24970,Jonah Elliss,DEN,OLB,17,434,25.5,37.7,0.0,0.0,0.0,0.0,0.0,0.0,53.8,12.4
420,23305,Nick Cross,IND,S,17,1155,67.9,99.9,0.0,0.0,0.0,0.0,0.0,0.0,142.7,12.4
421,23263,Kyle Hamilton,BAL,S,17,1044,61.4,92.1,0.0,0.0,0.0,0.0,0.0,0.0,128.9,12.3
422,17986,Tyler Boyd,TEN,WR,16,635,39.7,58.0,0.2,0.2,9.0,11.7,6.5,9.3,78.3,12.3
423,23308,Alex Wright,CLE,DE,4,103,25.8,40.7,0.0,0.0,0.0,0.0,0.0,0.0,12.7,12.3
424,19017,Josh Reynolds,JAX,WR,9,312,34.7,47.3,0.0,0.0,7.7,4.4,4.2,7.7,38.4,12.3
425,23381,Boye Mafe,SEA,LB,15,608,40.5,53.9,0.0,0.0,0.0,0.0,0.0,0.0,74.8,12.3
426,25140,Chau Smith-Wade,CAR,CB,14,301,21.5,28.3,0.0,0.0,0.0,0.0,0.0,0.0,37.0,12.3
427,17915,Joey Bosa,LAC,OLB,14,456,32.6,41.7,0.0,0.0,0.0,0.0,0.0,0.0,55.9,12.3
428,22689,Kwity Paye,IND,DE,15,666,44.4,57.6,0.0,0.0,0.0,0.0,0.0,0.0,81.6,12.3
429,16786,Shaq Thompson,CAR,LB,4,245,61.2,92.1,0.0,0.0,0.0,0.0,0.0,0.0,30.0,12.2
430,19014,Grover Stewart,IND,DT,17,690,40.6,59.7,0.0,0.0,0.0,0.0,0.0,0.0,84.5,12.2
431,22095,Mike Danna,KC,DE,13,496,38.2,45.9,0.0,0.0,0.0,0.0,0.0,0.0,60.6,12.2
432,21888,K'Lavon Chaisson,LV,DE,15,508,33.9,51.6,0.0,0.0,0.0,0.0,0.0,0.0,62.0,12.2
433,19837,Derwin James Jr.,LAC,S,16,984,61.5,95.4,0.0,0.0,0.0,0.0,0.0,0.0,120.0,12.2
434,23274,Dee Alford,ATL,CB,16,723,45.2,65.0,0.0,0.0,0.0,0.0,0.0,0.0,87.9,12.2
435,18019,Nick Vannett,TEN,TE,17,399,23.5,36.5,0.0,0.0,5.0,4.1,4.3,5.0,48.5,12.2
436,22973,Austin Trammell,JAX,WR,1,33,33.0,61.1,0.0,0.0,9.1,0.6,6.1,9.1,4.0,12.1
437,23367,Ja'Quan McMillian,DEN,CB,17,870,51.2,75.5,0.0,0.0,0.0,0.0,0.0,0.0,105.4,12.1
438,21772,Cole Kmet,CHI,TE,17,994,58.5,87.5,0.0,0.0,5.5,10.5,4.7,5.5,120.4,12.1
439,23683,Sam Okuayinonu,SF,DT,16,450,28.1,44.5,0.0,0.0,0.0,0.0,0.0,0.0,54.5,12.1
440,20862,David Long Jr.,DET,LB,13,352,27.1,41.1,0.0,0.0,0.0,0.0,0.0,0.0,42.5,12.1
441,18914,Mike Williams,PIT,WR,18,472,26.2,40.5,0.0,0.0,7.2,7.1,4.4,7.2,56.8,12.0
442,24113,Jack Campbell,DET,LB,17,974,57.3,89.0,0.0,0.0,0.0,0.0,0.0,0.0,117.0,12.0
443,23289,Dane Belton,NYG,S,17,459,27.0,42.0,0.2,0.2,0.0,0.0,0.2,0.2,55.0,12.0
444,18964,Alex Anzalone,DET,LB,10,608,60.8,84.0,0.0,0.0,0.0,0.0,0.0,0.0,72.8,12.0
445,24449,Elijah Higgins,ARI,TE,17,411,24.2,37.5,0.0,0.0,5.8,4.6,4.9,5.8,49.2,12.0
446,18064,Matthew Judon,ATL,OLB,17,655,38.5,58.8,0.0,0.0,0.0,0.0,0.0,0.0,78.3,12.0
447,19901,Isaac Yiadom,SF,CB,17,486,28.6,45.6,0.0,0.0,0.0,0.0,0.0,0.0,58.0,11.9
448,25143,Tykee Smith,TB,S,13,612,47.1,54.8,0.0,0.0,0.0,0.0,0.0,0.0,73.0,11.9
449,20899,Josh Oliver,MIN,TE,15,552,36.8,49.4,0.0,0.0,5.1,5.3,4.0,5.1,65.8,11.9
450,19873,Jessie Bates III,ATL,S,17,1095,64.4,98.4,0.0,0.0,0.0,0.0,0.0,0.0,130.1,11.9
451,24112,Henry To'oTo'o,HOU,LB,15,830,55.3,76.7,0.0,0.0,0.0,0.0,0.0,0.0,98.5,11.9
452,22780,Tommy Togiai,HOU,DT,8,249,31.1,46.2,0.0,0.0,0.0,0.0,0.0,0.0,29.6,11.9
453,17294,Troy Hill,TB,CB,8,236,29.5,43.7,0.0,0.0,0.0,0.0,0.0,0.0,28.0,11.9
454,23554,Kyler Gordon,CHI,CB,15,725,48.3,67.9,0.0,0.0,0.0,0.0,0.0,0.0,85.8,11.8
455,21899,Malcolm Roach,DEN,DT,17,489,28.8,42.4,0.0,0.0,0.0,0.0,0.0,0.0,57.9,11.8
456,20757,Clelin Ferrell,WAS,DE,14,369,26.4,34.2,0.0,0.0,0.0,0.0,0.0,0.0,43.5,11.8
457,20816,Lil'Jordan Humphrey,DEN,WR,17,546,32.1,49.5,0.0,0.0,8.2,8.7,5.7,8.2,64.3,11.8
458,23392,Kingsley Enagbare,GB,DL,17,511,30.1,46.9,0.0,0.0,0.0,0.0,0.0,0.0,60.1,11.8
459,24253,Byron Young,LAR,OLB,17,844,49.6,75.7,0.0,0.0,0.0,0.0,0.0,0.0,99.2,11.8
460,22000,Justin Strnad,DEN,ILB,17,676,39.8,58.7,0.0,0.0,0.0,0.0,0.0,0.0,79.3,11.7
461,20994,Mack Wilson Sr.,ARI,ILB,16,763,47.7,70.5,0.0,0.0,0.0,0.0,0.0,0.0,89.5,11.7
462,21921,Jeremy Chinn,WAS,S,17,1021,60.1,94.5,0.0,0.0,0.0,0.0,0.0,0.0,119.7,11.7
463,25213,Caelen Carson,DAL,CB,6,252,42.0,35.1,0.0,0.0,0.0,0.0,0.0,0.0,29.5,11.7
464,16781,Nelson Agholor,BAL,WR,14,420,30.0,37.8,0.0,0.0,6.9,6.4,3.3,6.9,49.1,11.7
465,18994,Carl Lawson,DAL,DE,15,401,26.7,41.5,0.0,0.0,0.0,0.0,0.0,0.0,46.9,11.7
466,19896,Arden Key,TEN,OLB,16,735,45.9,69.5,0.0,0.0,0.0,0.0,0.0,0.0,85.8,11.7
467,22904,Isaiah McDuffie,GB,LB,17,699,41.1,64.2,0.0,0.0,0.0,0.0,0.0,0.0,81.5,11.7
468,19228,Josh Tupou,BAL,DT,3,61,20.3,27.4,0.0,0.0,0.0,0.0,0.0,0.0,7.1,11.6
469,18875,Jonathan Allen,WAS,DT,8,301,37.6,58.7,0.0,0.0,0.0,0.0,0.0,0.0,35.0,11.6
470,20894,Anthony Nelson,TB,OLB,17,573,33.7,51.3,0.0,0.0,0.0,0.0,0.0,0.0,66.5,11.6
471,20864,Julian Love,SEA,FS,17,1079,63.5,95.7,0.1,0.3,0.0,0.0,0.1,0.1,125.2,11.6
472,21982,Patrick Queen,PIT,ILB,17,1090,64.1,99.8,0.0,0.0,0.0,0.0,0.0,0.0,126.4,11.6
473,23422,Jalen Pitre,HOU,S,12,660,55.0,79.7,0.0,0.0,0.0,0.0,0.0,0.0,76.5,11.6
474,24191,Lukas Van Ness,GB,DL,17,428,25.2,39.3,0.0,0.0,0.0,0.0,0.0,0.0,49.6,11.6
475,21909,D.J. Wonnum,CAR,OLB,8,454,56.8,77.5,0.0,0.0,0.0,0.0,0.0,0.0,52.5,11.6
476,24217,Trey Palmer,TB,WR,15,305,20.3,26.7,0.0,0.0,7.2,3.9,3.9,7.2,35.2,11.5
477,22796,Charles Snowden,LV,DE,16,406,25.4,36.4,0.0,0.0,0.0,0.0,0.0,0.0,46.9,11.5
478,20903,Amani Oruwariye,DAL,CB,7,286,40.9,62.4,0.0,0.0,0.0,0.0,0.0,0.0,33.0,11.5
479,24086,Trenton Simpson,BAL,ILB,17,658,38.7,58.1,0.0,0.0,0.0,0.0,0.0,0.0,75.8,11.5
480,25413,Evan Anderson,SF,DL,12,267,22.2,34.5,0.0,0.0,0.0,0.0,0.0,0.0,30.7,11.5
481,16194,Jadeveon Clowney,CAR,OLB,14,652,46.6,53.5,0.0,0.0,0.0,0.0,0.0,0.0,74.8,11.5
482,23471,Jordan Battle,CIN,S,17,463,27.2,40.7,0.0,0.0,0.0,0.0,0.0,0.0,53.0,11.4
483,23650,Lucas Krull,DEN,TE,13,299,23.0,27.1,0.0,0.0,7.7,4.4,6.4,7.7,34.2,11.4
484,19921,Maurice Hurst II,CLE,DT,8,164,20.5,32.9,0.0,0.0,0.0,0.0,0.0,0.0,18.8,11.4
485,20737,Josh Hines-Allen,JAX,DE,16,821,51.3,69.0,0.0,0.0,0.0,0.0,0.0,0.0,93.8,11.4
486,16783,Bud Dupree,LAC,OLB,17,546,32.1,50.0,0.0,0.0,0.0,0.0,0.0,0.0,62.0,11.4
487,21239,Keisean Nixon,GB,CB,17,1020,60.0,93.7,0.0,0.0,0.0,0.0,0.0,0.0,115.4,11.3
488,13810,Demario Davis,NO,LB,16,1092,68.2,92.7,0.0,0.0,0.0,0.0,0.0,0.0,123.5,11.3
489,25245,Marist Liufau,DAL,LB,17,521,30.6,47.3,0.0,0.0,0.0,0.0,0.0,0.0,58.9,11.3
490,23431,Alontae Taylor,NO,CB,17,1076,63.3,91.3,0.0,0.0,0.0,0.0,0.0,0.0,121.2,11.3
491,19859,Uchenna Nwosu,SEA,LB,6,190,31.7,29.2,0.0,0.0,0.0,0.0,0.0,0.0,21.4,11.3
492,19026,Rayshawn Jenkins,SEA,SS,13,550,42.3,65.3,0.0,0.0,0.0,0.0,0.0,0.0,61.9,11.3
493,21996,Malik Harrison,BAL,LB,15,372,24.8,32.8,0.0,0.0,0.0,0.0,0.0,0.0,41.8,11.2
494,20965,Juan Thornhill,CLE,S,11,401,36.5,52.7,0.0,0.0,0.0,0.0,0.0,0.0,45.0,11.2
495,23260,Kayvon Thibodeaux,NYG,OLB,12,594,49.5,75.5,0.0,0.0,0.0,0.0,0.0,0.0,66.6,11.2
496,24085,Tuli Tuipulotu,LAC,OLB,17,732,43.1,67.0,0.0,0.0,0.0,0.0,0.0,0.0,82.0,11.2
497,19037,Matt Milano,BUF,LB,4,183,45.8,45.3,0.0,0.0,0.0,0.0,0.0,0.0,20.5,11.2
498,23420,Riley Moss,DEN,CB,14,835,59.6,72.5,0.0,0.0,0.0,0.0,0.0,0.0,93.5,11.2
499,21926,Kyle Dugger,NE,S,13,759,58.4,67.9,0.0,0.0,0.0,0.0,0.0,0.0,84.9,11.2
500,24949,Chop Robinson,MIA,LB,17,566,33.3,53.2,0.0,0.0,0.0,0.0,0.0,0.0,63.3,11.2
501,20956,Montez Sweat,CHI,DE,16,616,38.5,57.7,0.0,0.0,0.0,0.0,0.0,0.0,68.8,11.2
502,18316,Mike Hilton,CIN,CB,16,739,46.2,64.9,0.0,0.0,0.0,0.0,0.0,0.0,82.5,11.2
503,24239,Tyrique Stevenson,CHI,CB,16,811,50.7,75.9,0.0,0.0,0.0,0.0,0.0,0.0,90.5,11.2
504,24282,Karl Brooks,GB,DL,17,442,26.0,40.6,0.0,0.0,0.0,0.0,0.0,0.0,49.2,11.1
505,25026,Tyler Nubin,NYG,S,13,790,60.8,95.9,0.0,0.0,0.0,0.0,0.0,0.0,88.0,11.1
506,20983,Christian Wilkins,LV,DT,5,247,49.4,77.7,0.0,0.0,0.0,0.0,0.0,0.0,27.5,11.1
507,25149,Demani Richardson,CAR,S,14,401,28.6,39.4,0.0,0.0,0.0,0.0,0.0,0.0,44.5,11.1
508,20776,Carl Granderson,NO,DE,17,826,48.6,70.1,0.0,0.0,0.0,0.0,0.0,0.0,91.7,11.1
509,21133,Marcus Epps,LV,S,3,176,58.7,89.8,0.0,0.0,0.0,0.0,0.0,0.0,19.5,11.1
510,19932,Dorance Armstrong,WAS,DE,16,635,39.7,58.8,0.0,0.0,0.0,0.0,0.0,0.0,70.3,11.1
511,20959,Jahlani Tavai,NE,LB,17,915,53.8,81.8,0.0,0.0,0.0,0.0,0.0,0.0,101.2,11.1
512,20811,Amani Hooker,TEN,S,14,850,60.7,80.4,0.0,0.0,0.0,0.0,0.0,0.0,94.0,11.1
513,22808,Brandin Echols,NYJ,CB,16,407,25.4,35.5,0.0,0.0,0.0,0.0,0.0,0.0,45.0,11.1
514,19892,Carlton Davis III,DET,CB,13,697,53.6,77.4,0.0,0.0,0.0,0.0,0.0,0.0,77.0,11.0
515,25243,Darius Muasau,NYG,LB,15,435,29.0,39.8,0.0,0.0,0.0,0.0,0.0,0.0,48.0,11.0
516,22744,Milton Williams,PHI,DT,17,501,29.5,48.5,0.0,0.0,0.0,0.0,0.0,0.0,55.1,11.0
517,22662,Tommy Tremble,CAR,TE,12,513,42.8,49.6,0.0,0.0,6.2,7.4,4.5,6.2,56.4,11.0
518,19929,Marquis Haynes Sr.,CAR,OLB,2,41,20.5,29.5,0.0,0.0,0.0,0.0,0.0,0.0,4.5,11.0
519,19049,Anthony Walker,MIA,LB,14,516,36.9,48.5,0.0,0.0,0.0,0.0,0.0,0.0,56.5,10.9
520,24929,Trevin Wallace,CAR,LB,13,583,44.8,58.8,0.0,0.0,0.0,0.0,0.0,0.0,63.8,10.9
521,25041,Jer'Zhan Newton,WAS,DT,16,515,32.2,47.7,0.0,0.0,0.0,0.0,0.0,0.0,56.3,10.9
522,20934,Khalen Saunders,NO,DT,13,461,35.5,39.1,0.0,0.0,0.0,0.0,0.0,0.0,50.3,10.9
523,23259,George Karlaftis,KC,DE,16,831,51.9,76.9,0.0,0.0,0.0,0.0,0.0,0.0,90.6,10.9
524,24222,Cam Smith,MIA,CB,6,133,22.2,34.1,0.0,0.0,0.0,0.0,0.0,0.0,14.5,10.9
525,24453,Marte Mapu,NE,S,10,486,48.6,56.4,0.0,0.0,0.0,0.0,0.0,0.0,53.0,10.9
526,22760,Ar'Darius Washington,BAL,S,17,727,42.8,64.2,0.0,0.0,0.0,0.0,0.0,0.0,79.2,10.9
527,19834,Vita Vea,TB,NT,16,705,44.1,63.1,0.0,0.0,0.0,0.0,0.0,0.0,77.2,10.9
528,24256,Keion White,NE,DE,17,829,48.8,74.2,0.0,0.0,0.0,0.0,0.0,0.0,90.0,10.9
529,25139,Tarheeb Still,LAC,CB,14,783,55.9,71.6,0.0,0.0,0.0,0.0,0.0,0.0,85.0,10.8
530,21896,Yetur Gross-Matos,SF,DL,11,368,33.5,50.0,0.0,0.0,0.0,0.0,0.0,0.0,39.9,10.8
531,23948,Elijah Garcia,NYG,DL,5,143,28.6,42.3,0.0,0.0,0.0,0.0,0.0,0.0,15.5,10.8
532,19105,Al-Quadin Muhammad,DET,DE,9,255,28.3,36.8,0.0,0.0,0.0,0.0,0.0,0.0,27.6,10.8
533,19275,Adam Butler,LV,DT,17,810,47.6,72.6,0.0,0.0,0.0,0.0,0.0,0.0,87.7,10.8
534,21918,Grant Delpit,CLE,S,16,979,61.2,90.6,0.0,0.0,0.0,0.0,0.0,0.0,105.9,10.8
535,21936,Xavier McKinney,GB,S,17,1067,62.8,98.0,0.0,0.0,0.0,0.0,0.0,0.0,115.3,10.8
536,23932,Luke Masterson,LV,LB,4,102,25.5,40.0,0.0,0.0,0.0,0.0,0.0,0.0,11.0,10.8
537,23359,Kerby Joseph,DET,S,17,1085,63.8,99.2,0.0,0.0,0.0,0.0,0.0,0.0,117.0,10.8
538,21807,Colby Parkinson,LAR,TE,17,601,35.4,55.1,0.0,0.0,8.2,9.1,5.0,8.2,65.4,10.8
539,14901,Kyle Juszczyk,SF,FB,17,537,31.6,49.8,0.9,1.1,5.8,6.0,4.5,6.7,57.6,10.7
540,21005,Parris Campbell,PHI,WR,5,140,28.0,36.5,0.0,0.0,5.7,1.9,4.3,5.7,15.0,10.7
541,24440,Dante Stills,ARI,DT,16,534,33.4,49.4,0.0,0.0,0.0,0.0,0.0,0.0,57.1,10.7
542,24655,Christian Izien,TB,S,14,697,49.8,69.4,0.0,0.0,0.0,0.0,0.0,0.0,74.5,10.7
543,17958,Emmanuel Ogbah,MIA,LB,16,732,45.8,68.8,0.0,0.0,0.0,0.0,0.0,0.0,78.2,10.7
544,23635,Nazeeh Johnson,KC,S,16,494,30.9,45.7,0.0,0.0,0.0,0.0,0.0,0.0,52.7,10.7
545,20185,Poona Ford,LAC,DL,17,604,35.5,55.3,0.0,0.0,0.0,0.0,0.0,0.0,64.4,10.7
546,23383,Logan Hall,TB,DL,16,539,33.7,48.3,0.0,0.0,0.0,0.0,0.0,0.0,57.4,10.6
547,25417,Beanie Bishop Jr.,PIT,CB,17,548,32.2,50.2,0.0,0.0,0.0,0.0,0.0,0.0,58.3,10.6
548,22772,Payton Turner,NO,DE,16,335,20.9,28.4,0.0,0.0,0.0,0.0,0.0,0.0,35.6,10.6
549,23423,Coby Bryant,SEA,FS,17,786,46.2,69.7,0.0,0.0,0.0,0.0,0.0,0.0,83.5,10.6
550,18902,Jabrill Peppers,NE,S,6,372,62.0,35.4,0.0,0.0,0.0,0.0,0.0,0.0,39.5,10.6
551,20888,Byron Murphy Jr.,MIN,CB,17,1060,62.4,93.6,0.0,0.0,0.0,0.0,0.0,0.0,112.5,10.6
552,14871,Robert Woods,HOU,WR,15,361,24.1,32.6,0.0,0.0,8.3,5.0,5.5,8.3,38.3,10.6
553,21929,Joshua Metellus,MIN,S,17,991,58.3,87.5,0.0,0.0,0.0,0.0,0.0,0.0,105.0,10.6
554,22688,Tre'von Moehrig,LV,S,17,1101,64.8,98.7,0.0,0.0,0.0,0.0,0.0,0.0,116.4,10.6
555,16796,Mario Edwards Jr.,HOU,DT,13,465,35.8,55.6,0.0,0.0,0.0,0.0,0.0,0.0,49.1,10.6
556,23605,DaRon Bland,DAL,CB,7,436,62.3,67.8,0.0,0.0,0.0,0.0,0.0,0.0,46.0,10.6
557,19086,Jeremiah Ledbetter,JAX,DT,15,441,29.4,37.1,0.0,0.0,0.0,0.0,0.0,0.0,46.5,10.5
558,20919,Taylor Rapp,BUF,S,14,778,55.6,71.0,0.0,0.0,0.0,0.0,0.0,0.0,82.0,10.5
559,17981,Jarran Reed,SEA,NT,17,680,40.0,60.3,0.0,0.0,0.0,0.0,0.0,0.0,71.6,10.5
560,22887,Elijah Molden,LAC,CB,15,760,50.7,72.9,0.0,0.0,0.0,0.0,0.0,0.0,80.0,10.5
561,25350,Jowon Briggs,CLE,DT,6,133,22.2,34.0,0.0,0.0,0.0,0.0,0.0,0.0,14.0,10.5
562,22753,Pete Werner,NO,LB,13,732,56.3,62.1,0.0,0.0,0.0,0.0,0.0,0.0,77.0,10.5
563,22279,Chris Williams,CHI,DT,17,367,21.6,34.4,0.0,0.0,0.0,0.0,0.0,0.0,38.6,10.5
564,22089,Amik Robertson,DET,CB,17,629,37.0,57.5,0.0,0.0,0.0,0.0,0.0,0.0,66.0,10.5
565,19882,Jerome Baker,TEN,LB,11,635,57.7,55.1,0.0,0.0,0.0,0.0,0.0,0.0,66.5,10.5
566,25147,Mike Sainristil,WAS,CB,17,979,57.6,90.6,0.0,0.0,0.0,0.0,0.0,0.0,102.5,10.5
567,18007,Daryl Worley,TEN,CB,9,459,51.0,79.3,0.0,0.0,0.0,0.0,0.0,0.0,48.0,10.5
568,18130,Elandon Roberts,PIT,LB,17,478,28.1,43.8,0.0,0.0,0.0,0.0,0.0,0.0,49.9,10.4
569,21898,Anfernee Jennings,NE,LB,16,831,51.9,74.3,0.0,0.0,0.0,0.0,0.0,0.0,86.8,10.4
570,21216,Cam Lewis,BUF,DB,17,595,35.0,54.3,0.0,0.0,0.0,0.0,0.0,0.0,62.0,10.4
571,19165,Johnny Mundt,MIN,TE,17,434,25.5,38.9,0.0,0.0,6.2,5.2,4.4,6.2,45.2,10.4
572,24993,Laiatu Latu,IND,DE,17,618,36.4,53.5,0.0,0.0,0.0,0.0,0.0,0.0,64.3,10.4
573,18904,Solomon Thomas,NYJ,DL,16,458,28.6,39.9,0.0,0.0,0.0,0.0,0.0,0.0,48.1,10.4
574,19839,Jaire Alexander,GB,CB,7,361,51.6,35.2,0.0,0.0,0.0,0.0,0.0,0.0,37.5,10.4
575,24968,Cooper DeJean,PHI,DB,16,627,39.2,60.7,0.0,0.0,0.0,0.0,0.0,0.0,65.2,10.4
576,13338,Cameron Jordan,NO,DE,17,565,33.2,48.0,0.0,0.0,0.0,0.0,0.0,0.0,58.6,10.4
577,22910,Ifeatu Melifonwu,DET,S,3,137,45.7,36.2,0.0,0.0,0.0,0.0,0.0,0.0,14.2,10.4
578,24686,Nate Adkins,DEN,TE,17,420,24.7,38.1,0.0,0.0,3.6,2.9,3.3,3.6,43.5,10.4
579,22097,Damar Hamlin,BUF,S,14,874,62.4,79.7,0.0,0.0,0.0,0.0,0.0,0.0,90.5,10.4
580,23599,Reed Blankenship,PHI,S,15,821,54.7,79.5,0.0,0.0,0.0,0.0,0.0,0.0,86.0,10.3
581,20002,Tim Settle Jr.,HOU,DT,17,625,36.8,57.8,0.0,0.0,0.0,0.0,0.0,0.0,64.6,10.3
582,24272,DJ Johnson,CAR,OLB,14,393,28.1,34.5,0.0,0.0,0.0,0.0,0.0,0.0,40.5,10.3
583,24114,Jalen Carter,PHI,DT,16,831,51.9,80.4,0.0,0.0,0.0,0.0,0.0,0.0,85.6,10.3
584,18959,Dawuane Smoot,BUF,DE,11,322,29.3,37.6,0.0,0.0,0.0,0.0,0.0,0.0,33.1,10.3
585,22899,Deommodore Lenoir,SF,CB,15,923,61.5,86.7,0.0,0.0,0.0,0.0,0.0,0.0,95.0,10.3
586,22820,Chauncey Golston,DAL,DE,17,791,46.5,71.8,0.0,0.0,0.0,0.0,0.0,0.0,81.3,10.3
587,21025,Cody Barton,DEN,ILB,17,1053,61.9,91.4,0.0,0.0,0.0,0.0,0.0,0.0,108.2,10.3
588,19830,Denzel Ward,CLE,CB,16,759,47.4,70.3,0.0,0.0,0.0,0.0,0.0,0.0,78.0,10.3
589,21013,Byron Cowart,CHI,DT,15,335,22.3,33.3,0.0,0.0,0.0,0.0,0.0,0.0,34.4,10.3
590,15516,Tony Jefferson,LAC,S,8,224,28.0,36.1,0.0,0.0,0.0,0.0,0.0,0.0,23.0,10.3
591,23954,Keir Thomas,LAR,OLB,1,39,39.0,70.9,0.0,0.0,0.0,0.0,0.0,0.0,4.0,10.3
592,23322,Martin Emerson Jr.,CLE,CB,17,829,48.8,76.8,0.0,0.0,0.0,0.0,0.0,0.0,85.0,10.3
593,25125,Evan Williams,GB,S,13,474,36.5,43.5,0.0,0.0,0.0,0.0,0.0,0.0,48.5,10.2
594,25192,Renardo Green,SF,CB,17,675,39.7,63.4,0.0,0.0,0.0,0.0,0.0,0.0,69.0,10.2
595,21332,Troy Reeder,LAR,ILB,6,372,62.0,93.9,0.0,0.0,0.0,0.0,0.0,0.0,38.0,10.2
596,20989,Quinnen Williams,NYJ,DL,16,724,45.2,63.1,0.0,0.0,0.0,0.0,0.0,0.0,74.0,10.2
597,19836,Tremaine Edmunds,CHI,LB,17,1056,62.1,98.9,0.0,0.0,0.0,0.0,0.0,0.0,107.7,10.2
598,23166,Rakim Jarrett,TB,WR,10,210,21.0,30.7,0.0,0.0,5.2,2.0,4.3,5.2,21.4,10.2
599,23777,Chandler Wooten,CAR,LB,5,212,42.4,57.3,0.0,0.0,0.0,0.0,0.0,0.0,21.5,10.1
600,19985,Sebastian Joseph-Day,TEN,DE,17,486,28.6,46.0,0.0,0.0,0.0,0.0,0.0,0.0,49.2,10.1
601,19885,B.J. Hill,CIN,DT,15,668,44.5,58.7,0.0,0.0,0.0,0.0,0.0,0.0,67.6,10.1
602,24083,Tyree Wilson,LV,DE,16,525,32.8,47.1,0.0,0.0,0.0,0.0,0.0,0.0,53.1,10.1
603,22092,Chase Young,NO,DE,17,742,43.6,63.0,0.0,0.0,0.0,0.0,0.0,0.0,75.0,10.1
604,21123,Donovan Wilson,DAL,S,17,1010,59.4,91.7,0.0,0.0,0.0,0.0,0.0,0.0,102.0,10.1
605,22844,Talanoa Hufanga,SF,S,7,308,44.0,51.0,0.0,0.0,0.0,0.0,0.0,0.0,31.0,10.1
606,19868,Isaiah Oliver,NYJ,CB,17,578,34.0,50.3,0.0,0.0,0.0,0.0,0.0,0.0,58.1,10.1
607,22720,K.J. Britt,TB,LB,14,613,43.8,54.9,0.0,0.0,0.0,0.0,0.0,0.0,61.5,10.0
608,18017,Javon Hargrave,SF,DL,3,104,34.7,63.8,0.0,0.0,0.0,0.0,0.0,0.0,10.4,10.0
609,23960,Tony Adams,NYJ,S,15,766,51.1,66.7,0.0,0.0,0.0,0.0,0.0,0.0,76.5,10.0
610,24518,Mohamoud Diabate,CLE,LB,13,581,44.7,70.6,0.0,0.0,0.0,0.0,0.0,0.0,58.0,10.0
611,23142,Theo Johnson,NYG,TE,12,683,56.9,84.2,0.0,0.0,6.3,7.6,4.2,6.3,68.1,10.0
612,24275,Tavius Robinson,BAL,OLB,17,485,28.5,42.8,0.0,0.0,0.0,0.0,0.0,0.0,48.1,9.9
613,23460,Roger McCreary,TEN,CB,15,653,43.5,61.8,0.0,0.0,0.0,0.0,0.0,0.0,64.8,9.9
614,14461,Harrison Smith,MIN,S,16,1011,63.2,89.2,0.0,0.0,0.0,0.0,0.0,0.0,100.3,9.9
615,21635,Jalen Thompson,ARI,S,15,944,62.9,87.2,0.0,0.0,0.0,0.0,0.0,0.0,93.5,9.9
616,22729,Cam Bynum,MIN,S,17,1032,60.7,91.1,0.0,0.0,0.0,0.0,0.0,0.0,102.0,9.9
617,16310,Denico Autry,HOU,DE,10,314,31.4,43.7,0.0,0.0,0.0,0.0,0.0,0.0,30.9,9.8
618,18013,Kendall Fuller,MIA,CB,11,556,50.5,60.4,0.0,0.0,0.0,0.0,0.0,0.0,54.5,9.8
619,24959,Javon Bullard,GB,S,15,786,52.4,72.2,0.0,0.0,0.0,0.0,0.0,0.0,77.0,9.8
620,23417,Cam Taylor-Britt,CIN,CB,17,1039,61.1,91.3,0.0,0.0,0.0,0.0,0.0,0.0,101.8,9.8
621,18042,David Onyemata,ATL,DL,17,567,33.4,50.9,0.0,0.0,0.0,0.0,0.0,0.0,55.5,9.8
622,23559,Quentin Lake,LAR,S,17,1070,62.9,96.0,0.0,0.0,0.0,0.0,0.0,0.0,104.7,9.8
623,23456,Isaiah Thomas,CIN,DE,2,46,23.0,11.9,0.0,0.0,0.0,0.0,0.0,0.0,4.5,9.8
624,21900,Nnamdi Madubuike,BAL,DT,17,812,47.8,71.7,0.0,0.0,0.0,0.0,0.0,0.0,79.2,9.7
625,25298,Cam Hart,LAC,CB,14,458,32.7,41.9,0.0,0.0,0.0,0.0,0.0,0.0,44.5,9.7
626,23557,Josh Jobe,SEA,CB,10,443,44.3,65.8,0.0,0.0,0.0,0.0,0.0,0.0,43.0,9.7
627,20766,C.J. Gardner-Johnson,PHI,S,16,908,56.8,87.9,0.0,0.0,0.0,0.0,0.0,0.0,88.0,9.7
628,23633,Elijah Hicks,CHI,S,12,356,29.7,33.3,0.0,0.0,0.0,0.0,0.0,0.0,34.5,9.7
629,22767,Divine Deablo,LV,LB,14,689,49.2,61.8,0.0,0.0,0.1,0.2,0.1,0.1,66.7,9.7
630,21875,James Smith-Williams,ATL,DL,10,306,30.6,45.7,0.0,0.0,0.0,0.0,0.0,0.0,29.6,9.7
631,19866,Justin Reid,KC,S,16,974,60.9,90.1,0.0,0.0,0.0,0.0,0.0,0.0,94.0,9.7
632,24091,Antonio Johnson,JAX,S,17,684,40.2,57.5,0.0,0.0,0.0,0.0,0.0,0.0,66.0,9.6
633,22295,Tershawn Wharton,KC,DT,17,667,39.2,61.7,0.0,0.0,0.0,0.0,0.0,0.0,64.3,9.6
634,24941,Cole Bishop,BUF,S,16,358,22.4,32.7,0.0,0.0,0.0,0.0,0.0,0.0,34.5,9.6
635,24397,Jalen Brooks,DAL,WR,14,371,26.5,31.7,0.0,0.0,8.1,4.6,3.2,8.1,35.7,9.6
636,23548,Montaric Brown,JAX,CB,17,855,50.3,71.9,0.0,0.0,0.0,0.0,0.0,0.0,82.0,9.6
637,19287,Kenny Moore II,IND,CB,15,1012,67.5,87.5,0.0,0.0,0.0,0.0,0.0,0.0,97.0,9.6
638,18029,Eric Murray,HOU,S,17,856,50.4,79.1,0.0,0.0,0.0,0.0,0.0,0.0,81.9,9.6
639,20850,Dawson Knox,BUF,TE,16,618,38.6,56.8,0.0,0.0,5.3,6.1,3.6,5.3,59.1,9.6
640,19954,Jordan Whitehead,TB,S,12,732,61.0,91.3,0.0,0.0,0.0,0.0,0.0,0.0,70.0,9.6
641,23427,Jaylen Watson,KC,CB,6,341,56.8,90.5,0.0,0.0,0.0,0.0,0.0,0.0,32.5,9.5
642,24465,Cory Durden,NYG,DT,4,84,21.0,24.9,0.0,0.0,0.0,0.0,0.0,0.0,8.0,9.5
643,19847,Mike Hughes,ATL,CB,15,720,48.0,64.7,0.0,0.0,0.0,0.0,0.0,0.0,68.5,9.5
644,24184,Devon Witherspoon,SEA,CB,17,1104,64.9,98.0,0.0,0.0,0.0,0.0,0.0,0.0,105.0,9.5
645,16799,Preston Smith,PIT,LB,17,469,27.6,40.3,0.0,0.0,0.0,0.0,0.0,0.0,44.5,9.5
646,18149,Jalen Mills,NYJ,S,9,458,50.9,72.5,0.0,0.0,0.0,0.0,0.0,0.0,43.5,9.5
647,24975,Mike Hall Jr.,CLE,DT,8,232,29.0,28.3,0.0,0.0,0.0,0.0,0.0,0.0,22.0,9.5
648,20842,Dre'Mont Jones,SEA,DE,17,617,36.3,54.7,0.0,0.0,0.0,0.0,0.0,0.0,58.5,9.5
649,19993,Folorunso Fatukasi,HOU,DT,11,308,28.0,28.5,0.0,0.0,0.0,0.0,0.0,0.0,29.2,9.5
650,21923,Kam Curl,LAR,S,16,981,61.3,88.0,0.0,0.0,0.0,0.0,0.0,0.0,93.0,9.5
651,24144,Bryan Bresee,NO,DT,17,709,41.7,60.2,0.0,0.0,0.0,0.0,0.0,0.0,67.1,9.5
652,15127,Darius Slay Jr.,PHI,CB,14,699,49.9,67.7,0.0,0.0,0.0,0.0,0.0,0.0,66.0,9.4
653,22735,Michael Carter II,NYJ,CB,13,286,22.0,24.9,0.0,0.0,0.0,0.0,0.0,0.0,27.0,9.4
654,19124,D.J. Jones,DEN,DT,17,465,27.4,40.4,0.0,0.0,0.0,0.0,0.0,0.0,43.9,9.4
655,20898,Ed Oliver,BUF,DT,14,603,43.1,55.0,0.0,0.0,0.0,0.0,0.0,0.0,56.8,9.4
656,21867,Javon Kinlaw,NYJ,DL,17,697,41.0,60.7,0.0,0.0,0.0,0.0,0.0,0.0,65.7,9.4
657,23607,Christian Benford,BUF,CB,15,933,62.2,85.1,0.0,0.0,0.0,0.0,0.0,0.0,87.8,9.4
658,18037,De'Vondre Campbell Sr.,SF,LB,13,719,55.3,83.3,0.0,0.0,0.0,0.0,0.0,0.0,67.5,9.4
659,24963,Kamari Lassiter,HOU,CB,14,799,57.1,73.8,0.0,0.0,0.0,0.0,0.0,0.0,75.0,9.4
660,17059,Grady Jarrett,ATL,DL,17,744,43.8,66.8,0.0,0.0,0.0,0.0,0.0,0.0,69.8,9.4
661,18331,Chris Jones,KC,DT,15,771,51.4,71.3,0.0,0.0,0.0,0.0,0.0,0.0,72.3,9.4
662,22921,Nate Hobbs,LV,CB,11,556,50.5,49.9,0.0,0.0,0.0,0.0,0.0,0.0,52.0,9.4
663,19070,Chuck Clark,NYJ,S,12,709,59.1,88.1,0.0,0.0,0.0,0.0,0.0,0.0,66.3,9.4
664,25229,Kris Abrams-Draine,DEN,CB,5,123,24.6,10.7,0.0,0.0,0.0,0.0,0.0,0.0,11.5,9.3
665,23346,Dax Hill,CIN,CB,5,306,61.2,90.8,0.0,0.0,0.0,0.0,0.0,0.0,28.6,9.3
666,24208,Jaylon Jones,IND,CB,17,1145,67.4,99.0,0.0,0.0,0.0,0.0,0.0,0.0,107.0,9.3
667,21064,Jamel Dean,TB,CB,12,697,58.1,82.3,0.0,0.0,0.0,0.0,0.0,0.0,65.0,9.3
668,14419,Rodney McLeod Jr.,CLE,S,17,568,33.4,52.6,0.0,0.0,0.0,0.0,0.0,0.0,53.0,9.3
669,15090,Johnathan Hankins,SEA,DT,17,390,22.9,34.6,0.0,0.0,0.0,0.0,0.0,0.0,36.3,9.3
670,22918,Boogie Basham,NYG,OLB,4,86,21.5,13.5,0.0,0.0,0.0,0.0,0.0,0.0,8.0,9.3
671,22873,Osa Odighizuwa,DAL,DT,17,860,50.6,78.1,0.0,0.0,0.0,0.0,0.0,0.0,79.9,9.3
672,22377,Bryce Huff,PHI,DE,12,285,23.8,39.9,0.0,0.0,0.0,0.0,0.0,0.0,26.4,9.3
673,24782,Trevor Nowaske,DET,ILB,14,332,23.7,30.3,0.0,0.0,0.0,0.0,0.0,0.0,30.8,9.3
674,19084,Xavier Woods,CAR,S,17,1218,71.6,100.0,0.0,0.0,0.0,0.0,0.0,0.0,112.5,9.2
675,18932,DeMarcus Walker,CHI,DE,17,739,43.5,69.2,0.0,0.0,0.0,0.0,0.0,0.0,68.0,9.2
676,16960,Quandre Diggs,TEN,FS,8,419,52.4,87.7,0.0,0.0,0.0,0.0,0.0,0.0,38.5,9.2
677,23320,Kaiir Elam,BUF,CB,13,305,23.5,27.8,0.0,0.0,0.0,0.0,0.0,0.0,28.0,9.2
678,18975,Jourdan Lewis,DAL,CB,16,872,54.5,79.2,0.0,0.0,0.0,0.0,0.0,0.0,80.0,9.2
679,19922,Justin Watson,KC,WR,17,686,40.4,59.8,0.0,0.0,4.7,5.4,3.2,4.7,62.9,9.2
680,22787,Benjamin St-Juste,WAS,CB,17,837,49.2,77.5,0.0,0.0,0.0,0.0,0.0,0.0,76.5,9.1
681,22330,Michael Hoecht,LAR,OLB,17,639,37.6,57.3,0.0,0.0,0.0,0.0,0.0,0.0,58.4,9.1
682,23934,Isaiah Pola-Mao,LV,S,17,954,56.1,85.6,0.0,0.0,0.0,0.0,0.0,0.0,86.8,9.1
683,20981,Devin White,HOU,LB,7,176,25.1,19.1,0.0,0.0,0.0,0.0,0.0,0.0,16.0,9.1
684,23739,Ben Stille,ARI,DE,6,120,20.0,25.4,0.0,0.0,0.0,0.0,0.0,0.0,10.9,9.1
685,23432,Zyon McCollum,TB,CB,17,1056,62.1,94.5,0.0,0.0,0.0,0.0,0.0,0.0,95.5,9.0
686,18952,Larry Ogunjobi,PIT,DT,15,494,32.9,45.2,0.0,0.0,0.0,0.0,0.0,0.0,44.6,9.0
687,23558,Jack Jones,LV,CB,17,1049,61.7,94.1,0.0,0.0,0.0,0.0,0.0,0.0,94.5,9.0
688,19878,Tyquan Lewis,IND,DE,10,355,35.5,50.6,0.0,0.0,0.0,0.0,0.0,0.0,31.9,9.0
689,24202,Ronnie Hickman,CLE,S,14,463,33.1,42.9,0.0,0.0,0.0,0.0,0.0,0.0,41.5,9.0
690,25217,Jarvis Brownlee Jr.,TEN,CB,17,913,53.7,86.4,0.0,0.0,0.0,0.0,0.0,0.0,81.5,8.9
691,21739,Van Jefferson,PIT,WR,17,721,42.4,63.9,0.0,0.0,5.5,8.3,3.3,5.5,63.6,8.8
692,17997,Maliek Collins,SF,DT,17,717,42.2,67.3,0.0,0.0,0.0,0.0,0.0,0.0,63.1,8.8
693,24247,Quan Martin,WAS,DB,16,943,58.9,87.3,0.0,0.0,0.0,0.0,0.0,0.0,83.0,8.8
694,25382,Storm Duck,MIA,CB,14,358,25.6,33.6,0.0,0.0,0.0,0.0,0.0,0.0,31.5,8.8
695,21050,Sean Murphy-Bunting,ARI,CB,15,728,48.5,67.3,0.0,0.0,0.0,0.0,0.0,0.0,64.0,8.8
696,21869,DaVon Hamilton,JAX,DT,17,626,36.8,52.6,0.0,0.0,0.0,0.0,0.0,0.0,55.0,8.8
697,18065,Quinton Jefferson,BUF,DT,12,254,21.2,23.6,0.0,0.0,0.0,0.0,0.0,0.0,22.3,8.8
698,16319,Shelby Harris,CLE,DT,14,529,37.8,55.7,0.0,0.0,0.0,0.0,0.0,0.0,46.4,8.8
699,18939,Marcus Maye,LAC,S,15,405,27.0,41.7,0.0,0.0,0.0,0.0,0.0,0.0,35.5,8.8
700,25231,Jaden Crumedy,CAR,DT,5,121,24.2,20.6,0.0,0.0,0.0,0.0,0.0,0.0,10.6,8.8
701,23726,Kader Kohou,MIA,CB,15,708,47.2,66.5,0.0,0.0,0.0,0.0,0.0,0.0,62.0,8.8
702,18986,Shaquill Griffin,MIN,CB,17,572,33.6,50.5,0.0,0.0,0.0,0.0,0.0,0.0,50.0,8.7
703,17999,Yannick Ngakoue,NE,LB,11,228,20.7,28.5,0.0,0.0,0.0,0.0,0.0,0.0,19.9,8.7
704,24108,Emmanuel Forbes Jr.,LAR,CB,8,161,20.1,15.0,0.0,0.0,0.0,0.0,0.0,0.0,14.0,8.7
705,23426,Joshua Williams,KC,CB,17,411,24.2,38.0,0.0,0.0,0.0,0.0,0.0,0.0,35.7,8.7
706,24285,Dee Winters,SF,LB,15,398,26.5,37.4,0.0,0.0,0.0,0.0,0.0,0.0,34.5,8.7
707,22699,Jaelan Phillips,MIA,LB,4,134,33.5,59.0,0.0,0.0,0.0,0.0,0.0,0.0,11.6,8.7
708,20791,Will Harris,NO,DB,13,861,66.2,93.9,0.0,0.0,0.0,0.0,0.0,0.0,74.5,8.7
709,23393,Micheal Clemons,NYJ,DL,17,625,36.8,54.4,0.0,0.0,0.0,0.0,0.0,0.0,54.0,8.6
710,18177,Jonathan Jones,NE,CB,17,712,41.9,63.7,0.0,0.0,0.0,0.0,0.0,0.0,61.5,8.6
711,19987,Ogbo Okoronkwo,CLE,DE,16,465,29.1,43.1,0.0,0.0,0.0,0.0,0.0,0.0,40.1,8.6
712,25582,Dell Pettus,NE,S,17,341,20.1,30.5,0.3,0.2,0.0,0.0,0.3,0.3,29.4,8.6
713,19953,D.J. Reed,NYJ,CB,14,880,62.9,76.7,0.0,0.0,0.0,0.0,0.0,0.0,75.8,8.6
714,21931,Geno Stone,CIN,S,17,1103,64.9,96.9,0.0,0.0,0.0,0.0,0.0,0.0,95.0,8.6
715,22109,Julian Blackmon,IND,S,16,1083,67.7,93.7,0.0,0.0,0.0,0.0,0.0,0.0,93.0,8.6
716,24110,Garrett Williams,ARI,CB,16,781,48.8,72.2,0.0,0.0,0.0,0.0,0.0,0.0,67.0,8.6
717,19900,Harrison Phillips,MIN,DL,17,675,39.7,59.6,0.0,0.0,0.0,0.0,0.0,0.0,57.9,8.6
718,24986,Cade Stover,HOU,TE,15,400,26.7,36.1,0.0,0.0,5.5,3.6,3.8,5.5,34.3,8.6
719,23515,Jordan Davis,PHI,DT,17,388,22.8,37.6,0.0,0.0,0.0,0.0,0.0,0.0,33.2,8.6
720,23365,Trent McDuffie,KC,CB,16,996,62.2,92.1,0.0,0.0,0.0,0.0,0.0,0.0,85.0,8.5
721,18953,Chidobe Awuzie,TEN,CB,8,370,46.2,76.4,0.0,0.0,0.0,0.0,0.0,0.0,31.5,8.5
722,22694,Jaycee Horn,CAR,CB,15,1036,69.1,85.1,0.0,0.0,0.0,0.0,0.0,0.0,88.2,8.5
723,18938,Dalvin Tomlinson,CLE,DT,16,610,38.1,56.5,0.0,0.0,0.0,0.0,0.0,0.0,51.9,8.5
724,19881,Justin Jones,ARI,DT,3,100,33.3,54.9,0.0,0.0,0.0,0.0,0.0,0.0,8.5,8.5
725,25165,Max Melton,ARI,CB,17,565,33.2,52.2,0.0,0.0,0.0,0.0,0.0,0.0,48.0,8.5
726,23328,Cor'Dale Flott,NYG,CB,14,667,47.6,61.0,0.0,0.0,0.0,0.0,0.0,0.0,56.5,8.5
727,20102,Levi Wallace,DEN,CB,13,307,23.6,29.8,0.0,0.0,0.0,0.0,0.0,0.0,26.0,8.5
728,22922,Jason Pinnock,NYG,S,16,978,61.1,89.4,0.0,0.0,0.0,0.0,0.0,0.0,82.8,8.5
729,22874,Dayo Odeyingbo,IND,DE,17,745,43.8,64.4,0.0,0.0,0.0,0.0,0.0,0.0,63.0,8.4
730,24097,Christian Gonzalez,NE,CB,16,978,61.1,87.5,0.0,0.0,0.0,0.0,0.0,0.0,82.5,8.4
731,24082,Zacch Pickens,CHI,DT,9,228,25.3,21.3,0.0,0.0,0.0,0.0,0.0,0.0,19.2,8.4
732,24233,Ji'Ayir Brown,SF,S,17,886,52.1,83.2,0.0,0.0,0.0,0.0,0.0,0.0,74.5,8.4
733,23549,Percy Butler,WAS,S,17,399,23.5,36.9,0.0,0.0,0.0,0.0,0.0,0.0,33.5,8.4
734,22139,Isaiah Rodgers,PHI,CB,15,328,21.9,31.8,0.0,0.0,0.0,0.0,0.0,0.0,27.5,8.4
735,23840,Kevin Austin Jr.,NO,WR,8,323,40.4,66.2,0.3,0.2,6.8,4.2,3.7,7.1,27.0,8.4
736,22710,Derrick Barnes,DET,LB,3,120,40.0,64.9,0.0,0.0,0.0,0.0,0.0,0.0,10.0,8.3
737,24063,Jeremiah Pharms Jr.,NE,DT,16,457,28.6,40.9,0.0,0.0,0.0,0.0,0.0,0.0,38.0,8.3
738,24987,Luke McCaffrey,WAS,WR,17,419,24.6,36.0,0.0,0.0,5.7,4.6,4.3,5.7,34.8,8.3
739,22709,Christian Barmore,NE,DT,4,123,30.8,26.9,0.0,0.0,0.0,0.0,0.0,0.0,10.2,8.3
740,24413,Jordan Howden,NO,DB,17,552,32.5,46.9,0.0,0.0,0.0,0.0,0.0,0.0,45.5,8.2
741,19829,Minkah Fitzpatrick,PIT,S,17,1083,63.7,99.2,0.0,0.0,0.0,0.0,0.0,0.0,90.0,8.2
742,24278,Hunter Luepke,DAL,RB,16,328,20.5,28.0,3.7,2.8,4.9,2.5,7.3,8.5,26.9,8.2
743,18924,Adoree' Jackson,NYG,CB,14,427,30.5,39.0,0.0,0.0,0.0,0.0,0.0,0.0,35.0,8.2
744,23334,Derek Stingley Jr.,HOU,CB,17,1012,59.5,93.5,0.0,0.0,0.0,0.0,0.0,0.0,82.5,8.2
745,14860,Jordan Poyer,MIA,S,16,964,60.2,90.6,0.0,0.0,0.0,0.0,0.0,0.0,78.5,8.1
746,22928,Roy Lopez,ARI,DT,16,467,29.2,43.2,0.0,0.0,0.0,0.0,0.0,0.0,38.0,8.1
747,21887,Julian Okwara,ARI,OLB,13,286,22.0,28.0,0.0,0.0,0.0,0.0,0.0,0.0,23.2,8.1
748,22051,Trevon Diggs,DAL,CB,11,685,62.3,75.6,0.0,0.0,0.0,0.0,0.0,0.0,55.5,8.1
749,18026,Sheldon Day,WAS,DT,12,272,22.7,35.2,0.0,0.0,0.0,0.0,0.0,0.0,22.0,8.1
750,18002,Jonathan Bullard,MIN,DL,17,574,33.8,50.7,0.0,0.0,0.0,0.0,0.0,0.0,46.4,8.1
751,25163,Malik Mustapha,SF,S,16,756,47.2,71.0,0.0,0.0,0.0,0.0,0.0,0.0,61.0,8.1
752,16811,Ronald Darby,JAX,CB,13,659,50.7,55.4,0.0,0.0,0.0,0.0,0.0,0.0,53.0,8.0
753,24151,Payne Durham,TB,TE,16,430,26.9,37.7,0.0,0.0,3.3,2.5,2.6,3.3,34.5,8.0
754,18921,Charles Harris,PHI,OLB,13,472,36.3,46.2,0.0,0.0,0.0,0.0,0.0,0.0,37.8,8.0
755,19846,Taven Bryan,IND,DT,17,340,20.0,29.4,0.0,0.0,0.0,0.0,0.0,0.0,27.2,8.0
756,18970,Ahkello Witherspoon,LAR,CB,13,494,38.0,53.9,0.0,0.0,0.0,0.0,0.0,0.0,39.5,8.0
757,24283,Keeanu Benton,PIT,DL,17,641,37.7,58.7,0.0,0.0,0.0,0.0,0.0,0.0,51.1,8.0
758,23424,Bryan Cook,KC,S,17,974,57.3,90.1,0.0,0.0,0.0,0.0,0.0,0.0,77.5,8.0
759,23140,Michael Mayer,LV,TE,11,460,41.8,53.4,0.0,0.0,7.0,5.7,4.6,7.0,36.6,8.0
760,21939,Alohi Gilman,LAC,S,11,655,59.5,86.9,0.0,0.0,0.0,0.0,0.0,0.0,52.0,7.9
761,24150,Luke Musgrave,GB,TE,7,145,20.7,27.3,0.0,0.0,6.9,2.2,4.8,6.9,11.5,7.9
762,15226,Tyrann Mathieu,NO,S,17,1016,59.8,86.2,0.0,0.0,0.0,0.0,0.0,0.0,80.5,7.9
763,22429,Cam Gill,CAR,OLB,10,221,22.1,29.9,0.0,0.0,0.0,0.0,0.0,0.0,17.5,7.9
764,17691,Brandon Stephens,BAL,DB,17,1047,61.6,92.4,0.0,0.0,0.0,0.0,0.0,0.0,82.9,7.9
765,24945,Maason Smith,JAX,DT,11,384,34.9,32.3,0.0,0.0,0.0,0.0,0.0,0.0,30.4,7.9
766,22060,Dane Jackson,CAR,CB,9,280,31.1,34.7,0.0,0.0,0.0,0.0,0.0,0.0,22.0,7.9
767,23384,Josh Paschal,DET,DL,14,549,39.2,50.2,0.0,0.0,0.0,0.0,0.0,0.0,43.1,7.9
768,21937,Jordan Fuller,CAR,S,9,575,63.9,73.2,0.0,0.0,0.0,0.0,0.0,0.0,45.0,7.8
769,19886,Lorenzo Carter,ATL,OLB,13,409,31.5,48.1,0.0,0.0,0.0,0.0,0.0,0.0,32.0,7.8
770,19870,Donte Jackson,PIT,CB,15,780,52.0,71.4,0.0,0.0,0.0,0.0,0.0,0.0,61.0,7.8
771,19934,Da'Shawn Hand,MIA,DT,17,563,33.1,52.9,0.0,0.0,0.0,0.0,0.0,0.0,44.0,7.8
772,23486,Grant Calcaterra,PHI,TE,17,766,45.1,66.2,0.0,0.0,3.9,7.2,3.1,3.9,59.8,7.8
773,24928,Nate Wiggins,BAL,CB,15,679,45.3,59.9,0.0,0.0,0.0,0.0,0.0,0.0,53.0,7.8
774,24183,Deonte Banks,NYG,CB,14,788,56.3,72.0,0.0,0.0,0.0,0.0,0.0,0.0,61.5,7.8
775,20819,Alec Ingold,MIA,FB,15,337,22.5,29.6,3.0,2.2,3.6,2.1,6.2,6.5,26.3,7.8
776,24146,Mazi Smith,DAL,DT,17,526,30.9,47.8,0.0,0.0,0.0,0.0,0.0,0.0,40.9,7.8
777,23661,Mike Brown,TEN,S,17,386,22.7,36.5,0.0,0.0,0.0,0.0,0.0,0.0,30.0,7.8
778,17512,Rakeem Nuez-Roches,NYG,DL,15,610,40.7,55.8,0.0,0.0,0.0,0.0,0.0,0.0,47.4,7.8
779,20204,Charvarius Ward,SF,CB,12,695,57.9,65.3,0.0,0.0,0.0,0.0,0.0,0.0,54.0,7.8
780,19841,Daron Payne,WAS,DT,17,742,43.6,68.7,0.0,0.0,0.0,0.0,0.0,0.0,57.6,7.8
781,17919,Jalen Ramsey,MIA,CB,17,1027,60.4,96.5,0.0,0.0,0.0,0.0,0.0,0.0,79.7,7.8
782,19835,Marcus Davenport,DET,DL,2,89,44.5,48.1,0.0,0.0,0.0,0.0,0.0,0.0,6.9,7.8
783,22841,Jevn Holland,MIA,S,15,854,56.9,80.3,0.0,0.0,0.0,0.0,0.0,0.0,66.2,7.8
784,22906,Alim McNeill,DET,DL,14,632,45.1,70.1,0.0,0.0,0.0,0.0,0.0,0.0,48.9,7.7
785,25172,Jarrian Jones,JAX,CB,17,699,41.1,58.8,0.0,0.0,0.0,0.0,0.0,0.0,53.9,7.7
786,23136,Darnell Washington,PIT,TE,17,584,34.4,51.7,0.0,0.0,4.3,5.2,3.3,4.3,45.0,7.7
787,21422,Shy Tuttle,CAR,DT,15,610,40.7,50.1,0.0,0.0,0.0,0.0,0.0,0.0,47.0,7.7
788,22727,Baron Browning,ARI,OLB,13,379,29.2,46.8,0.0,0.0,0.0,0.0,0.0,0.0,29.2,7.7
789,22692,Pat Surtain II,DEN,CB,16,978,61.1,84.9,0.0,0.0,0.0,0.0,0.0,0.0,75.5,7.7
790,18333,Austin Johnson,BUF,DT,15,306,20.4,27.9,0.0,0.0,0.0,0.0,0.0,0.0,23.5,7.7
791,18982,Rasul Douglas,BUF,CB,15,830,55.3,75.7,0.0,0.0,0.0,0.0,0.0,0.0,63.5,7.7
792,21934,L'Jarius Sneed,TEN,CB,5,301,60.2,49.3,0.0,0.0,0.0,0.0,0.0,0.0,23.0,7.6
793,20822,Mike Jackson,CAR,CB,17,1205,70.9,98.9,0.0,0.0,0.0,0.0,0.0,0.0,92.0,7.6
794,22084,Kristian Fulton,LAC,CB,15,760,50.7,69.5,0.0,0.0,0.0,0.0,0.0,0.0,58.0,7.6
795,21786,Adam Trautman,DEN,TE,17,574,33.8,52.1,0.0,0.0,3.8,4.2,2.3,3.8,43.8,7.6
796,22721,Bobby Brown III,LAR,NT,17,472,27.8,42.3,0.0,0.0,0.0,0.0,0.0,0.0,36.0,7.6
797,22731,Tyson Campbell,JAX,CB,12,767,63.9,91.1,0.0,0.0,0.0,0.0,0.0,0.0,58.5,7.6
798,18920,Malik Hooker,DAL,S,17,1063,62.5,96.5,0.0,0.0,0.0,0.0,0.0,0.0,81.0,7.6
799,25179,Marshawn Kneeland,DAL,DE,11,256,23.3,32.9,0.0,0.0,0.0,0.0,0.0,0.0,19.5,7.6
800,21008,L.J. Collier,ARI,DL,17,590,34.7,54.5,0.0,0.0,0.0,0.0,0.0,0.0,44.9,7.6
801,23230,Dorian Thompson-Robinson,CLE,QB,7,208,29.7,17.6,10.1,5.4,0.0,0.0,66.8,66.8,15.8,7.6
802,22726,Tre Brown,SEA,CB,13,290,22.3,25.7,0.0,0.0,0.0,0.0,0.0,0.0,22.0,7.6
803,25349,Jonah Laulu,LV,DT,17,475,27.9,42.6,0.0,0.0,0.0,0.0,0.0,0.0,36.0,7.6
804,24448,Tyrus Wheat,DAL,DE,8,165,20.6,15.0,0.0,0.0,0.0,0.0,0.0,0.0,12.5,7.6
805,16778,Arik Armstead,JAX,DE,17,569,33.5,47.9,0.0,0.0,0.0,0.0,0.0,0.0,43.1,7.6
806,18555,Morgan Fox,LAC,DL,17,577,33.9,52.8,0.0,0.0,0.0,0.0,0.0,0.0,43.7,7.6
807,24126,Joey Porter Jr.,PIT,CB,16,971,60.7,88.9,0.0,0.0,0.0,0.0,0.0,0.0,73.5,7.6
808,18292,Roy Robertson-Harris,SEA,DT,17,398,23.4,34.4,0.0,0.0,0.0,0.0,0.0,0.0,30.1,7.6
809,25023,Josh Newton,CIN,CB,17,504,29.6,44.3,0.0,0.0,0.0,0.0,0.0,0.0,38.0,7.5
810,23615,Ja'Sir Taylor,LAC,DB,15,352,23.5,32.2,0.0,0.0,0.0,0.0,0.0,0.0,26.5,7.5
811,24952,Ja'Lynn Polk,NE,WR,15,436,29.1,42.4,0.2,0.2,7.6,6.8,3.0,7.8,32.7,7.5
812,22823,Kylen Granson,IND,TE,17,430,25.3,39.6,0.0,0.0,7.2,6.3,3.3,7.2,32.2,7.5
813,18083,DJ Reader,DET,DT,15,508,33.9,46.4,0.0,0.0,0.0,0.0,0.0,0.0,37.9,7.5
814,21714,K.J. Osborn,WAS,WR,8,251,31.4,22.0,0.0,0.0,7.2,3.4,2.8,7.2,18.7,7.5
815,17968,Andrew Billings,CHI,DL,8,298,37.2,60.0,0.0,0.0,0.0,0.0,0.0,0.0,22.0,7.4
816,24961,Calen Bullock,HOU,S,17,977,57.5,90.3,0.0,0.0,0.0,0.0,0.0,0.0,72.0,7.4
817,20080,Greg Stroman Jr.,NYG,CB,4,129,32.2,26.9,0.0,0.0,0.0,0.0,0.0,0.0,9.5,7.4
818,24242,JuJu Brents,IND,CB,2,68,34.0,45.9,0.0,0.0,0.0,0.0,0.0,0.0,5.0,7.4
819,23552,Cobie Durant,LAR,CB,15,777,51.8,69.7,0.0,0.0,0.0,0.0,0.0,0.0,57.1,7.3
820,21107,Darnell Savage,JAX,S,13,764,58.8,64.3,0.0,0.0,0.0,0.0,0.0,0.0,56.0,7.3
821,24192,Carrington Valentine,GB,CB,15,547,36.5,50.2,0.0,0.0,0.0,0.0,0.0,0.0,40.0,7.3
822,23369,David Ojabo,BAL,OLB,13,275,21.2,24.3,0.0,0.0,0.0,0.0,0.0,0.0,20.1,7.3
823,23428,Riq Woolen,SEA,CB,15,890,59.3,79.0,0.0,0.0,0.0,0.0,0.0,0.0,65.0,7.3
824,21373,P.J. Locke,DEN,S,15,1000,66.7,86.8,0.0,0.0,0.0,0.0,0.0,0.0,73.0,7.3
825,25031,T'Vondre Sweat,TEN,NT,17,699,41.1,66.1,0.0,0.0,0.0,0.0,0.0,0.0,50.9,7.3
826,23485,Daniel Bellinger,NYG,TE,17,365,21.5,32.4,0.0,0.0,4.7,3.0,3.8,4.7,26.5,7.3
827,22521,Jeremy Ruckert,NYJ,TE,17,393,23.1,36.9,0.0,0.0,7.1,4.7,4.6,7.1,28.5,7.3
828,25012,Kris Jenkins Jr.,CIN,DT,15,497,33.1,43.7,0.0,0.0,0.0,0.0,0.0,0.0,36.0,7.2
829,23522,Travis Jones,BAL,DT,17,600,35.3,53.0,0.0,0.0,0.0,0.0,0.0,0.0,43.1,7.2
830,25151,Decamerion Richardson,LV,CB,12,559,46.6,50.1,0.0,0.0,0.0,0.0,0.0,0.0,40.0,7.2
831,19053,Davon Godchaux,NE,DT,17,679,39.9,60.7,0.0,0.0,0.0,0.0,0.0,0.0,48.5,7.1
832,20346,Kendal Vickers,NO,DT,1,21,21.0,35.6,0.0,0.0,0.0,0.0,0.0,0.0,1.5,7.1
833,19004,Eddie Jackson,LAC,FS,11,381,34.6,43.8,0.0,0.0,0.0,0.0,0.0,0.0,27.0,7.1
834,19035,Eric Saubert,SF,TE,17,377,22.2,34.9,0.0,0.0,3.7,2.7,2.9,3.7,26.7,7.1
835,13761,Stephon Gilmore,MIN,CB,15,864,57.6,76.3,0.0,0.0,0.0,0.0,0.0,0.0,61.0,7.1
836,17947,Kenny Clark,GB,DT,17,686,40.4,63.0,0.0,0.0,0.0,0.0,0.0,0.0,48.2,7.0
837,24940,Terrion Arnold,DET,CB,16,948,59.2,86.7,0.0,0.0,0.0,0.0,0.0,0.0,66.5,7.0
838,17978,Jihad Ward,MIN,OLB,17,414,24.4,36.5,0.0,0.0,0.0,0.0,0.0,0.0,28.9,7.0
839,23161,Jonathan Mingo,DAL,WR,17,462,27.2,40.1,0.4,0.5,9.1,6.5,4.1,9.5,32.2,7.0
840,19887,Nathan Shepherd,NO,DT,16,568,35.5,48.2,0.0,0.0,0.0,0.0,0.0,0.0,39.5,7.0
841,22775,Joe Tryon-Shoyinka,TB,OLB,15,539,35.9,48.3,0.0,0.0,0.0,0.0,0.0,0.0,37.5,7.0
842,22803,T.J. Slaton Jr.,GB,DL,17,427,25.1,39.2,0.0,0.0,0.0,0.0,0.0,0.0,29.6,6.9
843,22056,Jaylon Johnson,CHI,CB,17,1032,60.7,96.6,0.0,0.0,0.0,0.0,0.0,0.0,71.5,6.9
844,17991,Vonn Bell,CIN,S,17,708,41.6,62.2,0.0,0.0,0.0,0.0,0.0,0.0,49.0,6.9
845,24106,DJ Turner II,CIN,CB,11,507,46.1,67.4,0.0,0.0,0.0,0.0,0.0,0.0,35.0,6.9
846,18900,Mo Alie-Cox,IND,TE,17,475,27.9,43.7,0.0,0.0,4.6,4.5,2.5,4.6,32.7,6.9
847,23606,Samuel Womack III,IND,CB,17,672,39.5,58.1,0.0,0.0,0.0,0.0,0.0,0.0,46.0,6.8
848,25238,DeWayne Carter,BUF,DT,11,315,28.6,38.3,0.0,0.0,0.0,0.0,0.0,0.0,21.5,6.8
849,15194,John Jenkins,LV,DT,17,609,35.8,54.6,0.0,0.0,0.0,0.0,0.0,0.0,41.5,6.8
850,22645,Simi Fehoko,LAC,WR,8,244,30.5,49.3,0.0,0.0,6.6,3.2,2.5,6.6,16.6,6.8
851,23681,Darrell Baker Jr.,TEN,CB,17,559,32.9,52.9,0.0,0.0,0.0,0.0,0.0,0.0,38.0,6.8
852,21131,Nick Scott,CAR,S,10,325,32.5,41.7,0.0,0.0,0.0,0.0,0.0,0.0,22.0,6.8
853,22740,Andre Cisco,JAX,S,16,979,61.2,82.3,0.0,0.0,0.0,0.0,0.0,0.0,66.0,6.7
854,22869,Levi Onwuzurike,DET,DL,16,635,39.7,58.0,0.0,0.0,0.0,0.0,0.0,0.0,42.7,6.7
855,21933,Jaylinn Hawkins,NE,S,17,612,36.0,54.7,0.0,0.0,0.0,0.0,0.0,0.0,41.0,6.7
856,23337,Sauce Gardner,NYJ,CB,15,880,58.7,81.6,0.0,0.0,0.0,0.0,0.0,0.0,58.9,6.7
857,25409,Mason Tipton,NO,WR,11,358,32.5,32.9,0.0,0.0,7.3,4.9,3.9,7.3,23.9,6.7
858,22075,A.J. Terrell Jr.,ATL,CB,17,1085,63.8,97.5,0.0,0.0,0.0,0.0,0.0,0.0,72.0,6.6
859,16171,DaQuan Jones,BUF,DT,16,546,34.1,49.8,0.0,0.0,0.0,0.0,0.0,0.0,36.2,6.6
860,22773,Marlon Tuipulotu,KC,DT,2,61,30.5,5.6,0.0,0.0,0.0,0.0,0.0,0.0,4.0,6.6
861,18905,Marshon Lattimore,WAS,CB,9,528,58.7,46.2,0.0,0.0,0.0,0.0,0.0,0.0,34.5,6.5
862,21281,Andrew Wingard,JAX,S,8,215,26.9,38.2,0.0,0.0,0.0,0.0,0.0,0.0,14.0,6.5
863,17949,Sheldon Rankins,CIN,DT,7,288,41.1,25.3,0.0,0.0,0.0,0.0,0.0,0.0,18.7,6.5
864,25007,Kool-Aid McKinstry,NO,CB,15,680,45.3,57.7,0.0,0.0,0.0,0.0,0.0,0.0,44.0,6.5
865,20570,Darious Williams,LAR,CB,12,766,63.8,89.4,0.0,0.0,0.0,0.0,0.0,0.0,49.0,6.4
866,25738,Elijah Chatman,NYG,DL,17,423,24.9,38.7,0.0,0.0,0.0,0.0,0.0,0.0,27.0,6.4
867,18926,Zay Jones,ARI,WR,11,257,23.4,32.4,0.0,0.0,4.3,2.1,3.1,4.3,16.4,6.4
868,22072,Noah Igbinoghene,WAS,CB,17,818,48.1,75.7,0.0,0.0,0.0,0.0,0.0,0.0,52.0,6.4
869,19375,Arthur Maulet,BAL,CB,3,71,23.7,19.2,0.0,0.0,0.0,0.0,0.0,0.0,4.5,6.3
870,20967,Jerry Tillery,MIN,DL,17,467,27.5,41.2,0.0,0.0,0.0,0.0,0.0,0.0,29.5,6.3
871,20269,Daniel Ekuale,NE,DT,16,722,45.1,64.6,0.0,0.0,0.0,0.0,0.0,0.0,45.5,6.3
872,18023,Justin Simmons,ATL,S,16,1017,63.6,91.4,0.0,0.0,0.0,0.0,0.0,0.0,64.0,6.3
873,21886,Broderick Washington,BAL,DE,15,450,30.0,39.7,0.0,0.0,0.0,0.0,0.0,0.0,28.0,6.2
874,23155,Jahan Dotson,PHI,WR,17,674,39.6,58.3,0.1,0.2,4.9,8.0,3.0,5.0,41.9,6.2
875,25022,Byron Murphy II,SEA,DT,14,457,32.6,40.6,0.0,0.0,0.0,0.0,0.0,0.0,28.4,6.2
876,24182,Alex Austin,NE,CB,9,234,26.0,39.1,0.0,0.0,0.0,0.0,0.0,0.0,14.5,6.2
877,24243,Jakorian Bennett,LV,CB,10,461,46.1,63.9,0.0,0.0,0.0,0.0,0.0,0.0,28.5,6.2
878,23382,Jermaine Johnson,NYJ,LB,2,82,41.0,59.4,0.0,0.0,0.0,0.0,0.0,0.0,5.0,6.1
879,24132,Myles Murphy,CIN,DE,13,353,27.2,40.2,0.0,0.0,0.0,0.0,0.0,0.0,21.5,6.1
880,24213,Cameron Mitchell,CLE,CB,17,372,21.9,34.4,0.0,0.0,0.0,0.0,0.0,0.0,22.5,6.0
881,22055,Troy Pride Jr.,DAL,CB,2,58,29.0,47.2,0.0,0.0,0.0,0.0,0.0,0.0,3.5,6.0
882,23276,Phidarian Mathis,NYJ,DT,12,257,21.4,25.5,0.0,0.0,0.0,0.0,0.0,0.0,15.5,6.0
883,24274,Tyler Lacy,JAX,DT,13,340,26.2,28.6,0.0,0.0,0.0,0.0,0.0,0.0,20.5,6.0
884,20748,Mike Edwards,TB,S,8,191,23.9,18.1,0.0,0.0,0.0,0.0,0.0,0.0,11.5,6.0
885,25299,Darius Robinson,ARI,DL,6,183,30.5,32.7,0.0,0.0,0.0,0.0,0.0,0.0,11.0,6.0
886,23010,Brock Wright,DET,TE,17,583,34.3,50.9,0.0,0.0,2.7,3.1,2.2,2.7,35.0,6.0
887,22807,Asante Samuel Jr.,LAC,CB,4,234,58.5,98.3,0.0,0.0,0.0,0.0,0.0,0.0,14.0,6.0
888,18909,Haason Reddick,NYJ,LB,10,393,39.3,57.2,0.0,0.0,0.0,0.0,0.0,0.0,23.5,6.0
889,24456,Starling Thomas V,ARI,CB,17,820,48.2,75.8,0.0,0.0,0.0,0.0,0.0,0.0,49.0,6.0
890,22786,Eric Stokes,GB,CB,17,588,34.6,54.0,0.0,0.0,0.0,0.0,0.0,0.0,35.0,6.0
891,18918,Tre'Davious White,BAL,CB,11,404,36.7,38.3,0.0,0.0,0.0,0.0,0.0,0.0,24.0,5.9
892,18937,Marcus Williams,BAL,S,11,601,54.6,53.0,0.0,0.0,0.0,0.0,0.0,0.0,35.5,5.9
893,16903,MyCole Pruitt,PIT,TE,12,271,22.6,24.0,0.0,0.0,3.7,2.1,2.2,3.7,16.0,5.9
894,23608,Drew Ogletree,IND,TE,17,439,25.8,40.4,0.0,0.0,3.2,2.8,2.1,3.2,25.9,5.9
895,22877,Greg Newsome II,CLE,CB,13,575,44.2,70.1,0.0,0.0,0.0,0.0,0.0,0.0,33.5,5.8
896,23394,Esezi Otomewo,JAX,DT,4,90,22.5,7.6,0.0,0.0,0.0,0.0,0.0,0.0,5.2,5.8
897,19930,Bilal Nichols,ARI,DT,6,174,29.0,44.5,0.0,0.0,0.0,0.0,0.0,0.0,10.0,5.7
898,23455,Otito Ogbonnia,LAC,DL,17,505,29.7,46.2,0.0,0.0,0.0,0.0,0.0,0.0,28.5,5.6
899,20637,Nick Thurman,CAR,DT,9,240,26.7,38.0,0.0,0.0,0.0,0.0,0.0,0.0,13.5,5.6
900,25030,Quinyon Mitchell,PHI,CB,16,955,59.7,92.4,0.0,0.0,0.0,0.0,0.0,0.0,53.5,5.6
901,19972,Mike White,BUF,QB,1,20,20.0,10.3,0.0,0.0,0.0,0.0,55.0,55.0,1.1,5.6
902,20931,Drew Sample,CIN,TE,17,655,38.5,57.6,0.2,0.3,3.4,3.5,3.2,3.5,36.5,5.6
903,23527,LaBryan Ray,CAR,DE,16,627,39.2,51.5,0.0,0.0,0.0,0.0,0.0,0.0,34.5,5.5
904,18984,Cameron Sutton,PIT,CB,9,256,28.4,43.0,0.0,0.0,0.0,0.0,0.0,0.0,14.0,5.5
905,20901,Charles Omenihu,KC,DE,6,225,37.5,56.5,0.0,0.0,0.0,0.0,0.0,0.0,12.0,5.3
906,24021,Tucker Fisk,LAC,TE,9,206,22.9,36.0,0.0,0.0,3.9,1.6,3.4,3.9,10.9,5.3
907,20764,Greg Gaines,TB,DL,15,395,26.3,35.4,0.0,0.0,0.0,0.0,0.0,0.0,20.5,5.2
908,17295,DeShawn Williams,CAR,DT,12,337,28.1,39.0,0.0,0.0,0.0,0.0,0.0,0.0,17.4,5.1
909,20157,Jalen Davis,CIN,CB,2,49,24.5,31.2,0.0,0.0,0.0,0.0,0.0,0.0,2.5,5.1
910,23119,Treylon Burks,TEN,WR,5,147,29.4,47.9,1.4,0.4,5.4,1.6,4.1,6.8,7.5,5.1
911,21760,Isaiah Hodgins,NYG,WR,3,63,21.0,27.9,0.0,0.0,3.2,0.4,3.2,3.2,3.2,5.1
912,22685,Terrace Marshall Jr.,LV,WR,7,140,20.0,29.9,0.0,0.0,4.3,1.1,2.1,4.3,7.1,5.1
913,21868,Benito Jones,MIA,DT,17,481,28.3,45.2,0.0,0.0,0.0,0.0,0.0,0.0,23.5,4.9
914,20189,Demone Harris,ATL,DL,9,217,24.1,36.7,0.0,0.0,0.0,0.0,0.0,0.0,10.5,4.8
915,24347,Xavier Hutchinson,HOU,WR,16,493,30.8,44.5,0.0,0.0,5.3,4.3,2.4,5.3,23.7,4.8
916,21795,Luke Farrell,JAX,TE,17,390,22.9,37.8,0.0,0.0,4.4,3.1,3.1,4.4,18.7,4.8
917,19949,Avonte Maddox,PHI,CB,17,345,20.3,33.4,0.0,0.0,0.0,0.0,0.0,0.0,16.5,4.8
918,24427,Moro Ojomo,PHI,DT,17,388,22.8,37.6,0.0,0.0,0.0,0.0,0.0,0.0,18.0,4.6
919,23686,Kurt Hinish,HOU,DT,10,231,23.1,32.1,0.0,0.0,0.0,0.0,0.0,0.0,10.5,4.5
920,23468,Michael Woods II,CLE,WR,5,304,60.8,71.7,0.0,0.0,5.6,2.9,2.3,5.6,13.5,4.4
921,22059,Jordan Elliott,SF,DT,15,441,29.4,41.4,0.0,0.0,0.0,0.0,0.0,0.0,19.5,4.4
922,22941,Sam Kamara,CLE,DE,11,273,24.8,32.7,0.0,0.0,0.0,0.0,0.0,0.0,12.0,4.4
923,23513,Matthew Butler,LV,DT,7,149,21.3,18.7,0.0,0.0,0.0,0.0,0.0,0.0,6.5,4.4
924,22083,Leki Fotu,NYJ,DT,2,46,23.0,22.5,0.0,0.0,0.0,0.0,0.0,0.0,2.0,4.3
925,24463,Julian Hill,MIA,TE,16,514,32.1,45.2,0.0,0.0,3.7,3.3,2.3,3.7,22.0,4.3
926,16861,Angelo Blackson,ARI,DL,1,24,24.0,33.3,0.0,0.0,0.0,0.0,0.0,0.0,1.0,4.2
927,24125,Jalin Hyatt,NYG,WR,16,346,21.6,30.8,0.0,0.0,5.5,3.4,2.3,5.5,14.2,4.1
928,22506,Brevin Jordan,HOU,TE,2,67,33.5,47.5,0.0,0.0,4.5,0.5,3.0,4.5,2.7,4.0
929,24325,Johnny Wilson,PHI,WR,16,369,23.1,31.9,0.0,0.0,4.1,3.6,1.4,4.1,14.8,4.0
930,19209,Patrick Ricard,BAL,FB,17,435,25.6,39.2,0.0,0.0,1.1,1.1,0.7,1.1,17.2,4.0
931,19943,Durham Smythe,MIA,TE,17,364,21.4,32.0,0.0,0.0,4.7,3.0,2.5,4.7,14.3,3.9
932,22062,Raekwon Davis,IND,DT,17,349,20.5,30.2,0.0,0.0,0.0,0.0,0.0,0.0,13.0,3.7
933,25483,Isaac Ukwu,DET,DL,2,70,35.0,55.1,0.0,0.0,0.0,0.0,0.0,0.0,2.5,3.6
934,17762,Chris Manhertz,NYG,TE,17,342,20.1,30.4,0.0,0.0,1.2,0.7,0.9,1.2,12.0,3.5
935,22085,Derrick Brown,CAR,DE,1,60,60.0,90.9,0.0,0.0,0.0,0.0,0.0,0.0,2.0,3.3
936,24148,Davis Allen,LAR,TE,15,309,20.6,28.3,0.0,0.0,4.2,2.4,1.9,4.2,9.9,3.2
937,18930,Tyus Bowser,MIA,OLB,9,277,30.8,48.4,0.0,0.0,0.0,0.0,0.0,0.0,8.5,3.1
938,22657,John Bates,WAS,TE,17,516,30.4,44.4,0.0,0.0,2.5,2.5,1.6,2.5,14.4,2.8
939,18960,Tanoh Kpassagnon,NO,DE,3,73,24.3,25.1,0.0,0.0,0.0,0.0,0.0,0.0,2.0,2.7
940,22119,Charlie Woerner,ATL,TE,16,457,28.6,40.0,0.0,0.0,2.6,2.2,1.5,2.6,11.6,2.5
941,25141,Tip Reiman,ARI,TE,17,450,26.5,41.1,0.0,0.0,1.6,1.3,1.3,1.6,9.7,2.2
942,20987,Jonah Williams,ARI,OT,6,343,57.2,83.3,0.0,0.0,0.0,0.0,0.0,0.0,6.0,1.7
943,24457,Scott Matlock,LAC,FB,17,362,21.3,33.9,0.0,0.0,1.4,1.0,1.1,1.4,8.3,1.7
944,14743,Lawrence Guy Sr.,CIN,DT,4,91,22.8,21.1,0.0,0.0,0.0,0.0,0.0,0.0,1.0,1.1
945,24160,Wanya Morris,KC,OT,17,734,43.2,63.9,0.0,0.0,0.1,0.2,0.1,0.1,7.1,1.0
946,23503,Vederian Lowe,NE,OT,14,804,57.4,73.6,0.0,0.0,0.1,0.2,0.1,0.1,7.4,0.9
947,23507,Tyler Smith,DAL,G,16,1055,65.9,90.1,0.0,0.0,0.1,0.2,0.1,0.1,1.0,0.1
948,24962,JC Latham,TEN,OT,17,1094,64.4,100.0,0.0,0.0,0.1,0.2,0.1,0.1,1.0,0.1
949,22033,Tristan Wirfs,TB,OT,16,1016,63.5,89.0,0.0,0.0,0.0,0.0,0.0,0.0,0.9,0.1
950,18203,Jake Brendel,SF,C,17,1072,63.1,99.4,0.0,0.0,0.0,0.0,0.0,0.0,0.2,0.0
951,22880,Josh Myers,GB,C,16,1008,63.0,93.0,0.0,0.0,0.0,0.0,0.0,0.0,0.0,0.0
952,24164,Steve Avila,LAR,OL,10,596,59.6,93.6,0.0,0.0,0.0,0.0,0.0,0.0,0.0,0.0
953,12308,Trent Williams,SF,OT,10,649,64.9,69.1,0.0,0.0,0.0,0.0,0.0,0.0,0.0,0.0
954,13129,Tyron Smith,NYJ,OL,10,592,59.2,87.6,0.0,0.0,0.0,0.0,0.0,0.0,0.0,0.0
955,13882,Kevin Zeitler,DET,G,16,1048,65.5,91.4,0.0,0.0,0.0,0.0,0.0,0.0,0.0,0.0
956,13913,Kelvin Beachum,ARI,OT,16,742,46.4,67.7,0.0,0.0,0.0,0.0,0.0,0.0,0.0,0.0
957,14857,Lane Johnson,PHI,OT,15,937,62.5,81.0,0.0,0.0,0.0,0.0,0.0,0.0,0.0,0.0
958,14959,Chris Hubbard,NYG,OT,8,257,32.1,36.4,0.0,0.0,0.0,0.0,0.0,0.0,0.0,0.0
959,15193,Terron Armstead,MIA,OT,15,820,54.7,72.1,0.0,0.0,0.0,0.0,0.0,0.0,0.0,0.0
960,16125,Joel Bitonio,CLE,G,17,1177,69.2,99.7,0.0,0.0,0.0,0.0,0.0,0.0,0.0,0.0
961,16369,Zack Martin,DAL,G,10,639,63.9,76.3,0.0,0.0,0.0,0.0,0.0,0.0,0.0,0.0
962,16419,Morgan Moses,NYJ,OL,14,722,51.6,67.7,0.0,0.0,0.0,0.0,0.0,0.0,0.0,0.0
963,16458,Cornelius Lucas,WAS,OT,14,467,33.4,40.2,0.0,0.0,0.0,0.0,0.0,0.0,0.0,0.0
964,16531,Jake Matthews,ATL,OT,17,1118,65.8,97.8,0.0,0.0,0.0,0.0,0.0,0.0,0.0,0.0
965,16766,Brandon Scherff,JAX,G,17,1013,59.6,98.1,0.0,0.0,0.0,0.0,0.0,0.0,0.0,0.0
966,16785,D.J. Humphries,KC,OL,2,92,46.0,20.0,0.0,0.0,0.0,0.0,0.0,0.0,0.0,0.0
967,16789,Laken Tomlinson,SEA,G,17,1097,64.5,99.7,0.0,0.0,0.0,0.0,0.0,0.0,0.0,0.0
968,16810,Mitch Morse,JAX,C,17,1021,60.1,98.8,0.0,0.0,0.0,0.0,0.0,0.0,0.0,0.0
969,16818,Rob Havenstein,LAR,OL,11,684,62.2,62.8,0.0,0.0,0.0,0.0,0.0,0.0,0.0,0.0
970,16892,Shaq Mason,HOU,G,15,933,62.2,84.3,0.0,0.0,0.0,0.0,0.0,0.0,0.0,0.0
971,16895,Mark Glowinski,IND,G,5,355,71.0,100.0,0.0,0.0,0.0,0.0,0.0,0.0,0.0,0.0
972,17003,Trent Brown,CIN,OT,3,139,46.3,78.5,0.0,0.0,0.0,0.0,0.0,0.0,0.0,0.0
973,17443,David Andrews,NE,C,4,194,48.5,77.9,0.0,0.0,0.0,0.0,0.0,0.0,0.0,0.0
974,17490,Kendall Lamm,MIA,OT,15,511,34.1,47.8,0.0,0.0,0.0,0.0,0.0,0.0,0.0,0.0
975,17918,Laremy Tunsil,HOU,OT,17,1028,60.5,92.9,0.0,0.0,0.0,0.0,0.0,0.0,0.0,0.0
976,17921,Ronnie Stanley,BAL,OT,17,1089,64.1,98.1,0.0,0.0,0.0,0.0,0.0,0.0,0.0,0.0
977,17936,Jack Conklin,CLE,OT,12,817,68.1,69.2,0.0,0.0,0.0,0.0,0.0,0.0,0.0,0.0
978,17946,Taylor Decker,DET,OT,14,895,63.9,78.1,0.0,0.0,0.1,0.2,0.0,0.1,0.0,0.0
979,17948,Ryan Kelly,IND,C,10,601,60.1,79.1,0.0,0.0,0.0,0.0,0.0,0.0,0.0,0.0
980,17954,Germain Ifedi,CLE,G,15,538,35.9,48.3,0.0,0.0,0.0,0.0,0.0,0.0,0.0,0.0
981,18008,Joe Thuney,KC,G,17,1117,65.7,97.3,0.0,0.0,0.0,0.0,0.0,0.0,0.0,0.0
982,18009,Isaac Seumalo,PIT,G,13,829,63.8,73.4,0.0,0.0,0.0,0.0,0.0,0.0,0.0,0.0
983,18062,Connor McGovern,NYJ,C,7,369,52.7,71.4,0.0,0.0,0.0,0.0,0.0,0.0,0.0,0.0
984,18137,Ted Karras,CIN,C,17,1137,66.9,100.0,0.0,0.0,0.0,0.0,0.0,0.0,0.0,0.0
985,18710,Lucas Patrick,NO,OL,11,563,51.2,58.5,0.0,0.0,0.0,0.0,0.0,0.0,0.0,0.0
986,18910,Cam Robinson,MIN,OT,17,999,58.8,85.1,0.0,0.0,0.0,0.0,0.0,0.0,0.0,0.0
987,18948,Dion Dawkins,BUF,OT,16,961,60.1,88.3,0.0,0.0,0.0,0.0,0.0,0.0,0.0,0.0
988,18950,Taylor Moton,CAR,OT,14,847,60.5,81.9,0.0,0.0,0.0,0.0,0.0,0.0,0.0,0.0
989,18969,Ethan Pocic,CLE,C,16,1072,67.0,90.8,0.0,0.0,0.0,0.0,0.0,0.0,0.0,0.0
990,19036,Jermaine Eluemunor,NYG,OL,15,929,61.9,82.6,0.0,0.0,0.0,0.0,0.0,0.0,0.0,0.0
991,19139,Daniel Brunskill,TEN,G,17,683,40.2,62.4,0.0,0.0,0.0,0.0,0.0,0.0,0.0,0.0
992,19596,Andrew Wylie,WAS,G,14,893,63.8,76.8,0.0,0.0,0.0,0.0,0.0,0.0,0.0,0.0
993,19690,Greg Van Roten,NYG,G,17,1125,66.2,100.0,0.0,0.0,0.0,0.0,0.0,0.0,0.0,0.0
994,19814,Orlando Brown Jr.,CIN,OT,11,637,57.9,56.0,0.0,0.0,0.0,0.0,0.0,0.0,0.0,0.0
995,19831,Quenton Nelson,IND,G,17,1083,63.7,99.6,0.0,0.0,0.0,0.0,0.0,0.0,0.0,0.0
996,19833,Mike McGlinchey,DEN,OT,13,847,65.2,99.1,0.0,0.0,0.0,0.0,0.0,0.0,0.0,0.0
997,19840,Kolton Miller,LV,OT,17,1075,63.2,95.7,0.0,0.0,0.0,0.0,0.0,0.0,0.0,0.0
998,19845,Frank Ragnow,DET,C,16,1060,66.2,92.5,0.0,0.0,0.0,0.0,0.0,0.0,0.0,0.0
999,19851,Austin Corbett,CAR,C,5,292,58.4,93.9,0.0,0.0,0.0,0.0,0.0,0.0,0.0,0.0
1000,19855,James Daniels,PIT,G,4,208,52.0,76.5,0.0,0.0,0.0,0.0,0.0,0.0,0.0,0.0
1001,19857,Braden Smith,IND,OT,12,731,60.9,67.2,0.0,0.0,0.0,0.0,0.0,0.0,0.0,0.0
1002,19860,Will Hernandez,ARI,G,5,280,56.0,92.4,0.0,0.0,0.0,0.0,0.0,0.0,0.0,0.0
1003,19875,Connor Williams,SEA,C,9,618,68.7,100.0,0.0,0.0,0.0,0.0,0.0,0.0,0.0,0.0
1004,19883,Brian O'Neill,MIN,OT,17,1100,64.7,98.5,0.0,0.0,0.0,0.0,0.0,0.0,0.0,0.0
1005,19895,Joseph Noteboom,LAR,OL,4,220,55.0,34.5,0.0,0.0,0.0,0.0,0.0,0.0,0.0,0.0
1006,19908,Alex Cappa,CIN,G,17,1133,66.6,99.6,0.0,0.0,0.0,0.0,0.0,0.0,0.0,0.0
1007,19962,Wyatt Teller,CLE,G,13,884,68.0,96.3,0.0,0.0,0.0,0.0,0.0,0.0,0.0,0.0
1008,20008,Bradley Bozeman,LAC,C,17,1057,62.2,99.1,0.0,0.0,0.0,0.0,0.0,0.0,0.0,0.0
1009,20042,Jordan Mailata,PHI,OT,12,802,66.8,90.8,0.0,0.0,0.0,0.0,0.0,0.0,0.0,0.0
1010,20043,Matt Pryor,CHI,G,17,1006,59.2,88.6,0.0,0.0,0.0,0.0,0.0,0.0,0.0,0.0
1011,20072,Will Clapp,BUF,C,1,67,67.0,8.6,0.0,0.0,0.0,0.0,0.0,0.0,0.0,0.0
1012,20533,Coleman Shelton,CHI,C,17,1122,66.0,98.8,0.0,0.0,0.0,0.0,0.0,0.0,0.0,0.0
1013,20554,Evan Brown,ARI,C,17,1070,62.9,97.6,0.0,0.0,0.0,0.0,0.0,0.0,0.0,0.0
1014,20746,Chuma Edoga,DAL,G,5,228,45.6,48.0,0.0,0.0,0.0,0.0,0.0,0.0,0.0,0.0
1015,20747,David Edwards,BUF,G,16,977,61.1,89.8,0.0,0.0,0.0,0.0,0.0,0.0,0.0,0.0
1016,20760,Cody Ford,CIN,G,16,689,43.1,60.6,0.0,0.0,0.0,0.0,0.0,0.0,0.0,0.0
1017,20761,Hjalte Froholdt,ARI,C,17,1078,63.4,98.4,0.0,0.0,0.0,0.0,0.0,0.0,0.0,0.0
1018,20813,Tytus Howard,HOU,OT,16,1018,63.6,92.0,0.0,0.0,0.0,0.0,0.0,0.0,0.0,0.0
1019,20825,Andre James,LV,C,13,702,54.0,62.5,0.0,0.0,0.0,0.0,0.0,0.0,0.0,0.0
1020,20828,Elgton Jenkins,GB,G,17,1071,63.0,98.8,0.0,0.0,0.0,0.0,0.0,0.0,0.0,0.0
1021,20831,Fred Johnson,PHI,OT,17,481,28.3,41.6,0.0,0.0,0.0,0.0,0.0,0.0,0.0,0.0
1022,20844,Michael Jordan,NE,G,12,685,57.1,80.4,0.0,0.0,0.0,0.0,0.0,0.0,0.0,0.0
1023,20857,Chris Lindstrom,ATL,G,17,1099,64.6,96.2,0.0,0.0,0.0,0.0,0.0,0.0,0.0,0.0
1024,20869,Erik McCoy,NO,OL,7,293,41.9,59.8,0.0,0.0,0.0,0.0,0.0,0.0,0.0,0.0
1025,20870,Kaleb McGary,ATL,OT,16,1041,65.1,91.1,0.0,0.0,0.0,0.0,0.0,0.0,0.0,0.0
1026,20871,Connor McGovern,BUF,G,16,961,60.1,88.3,0.0,0.0,0.0,0.0,0.0,0.0,0.0,0.0
1027,20914,Ben Powers,DEN,G,17,1088,64.0,98.7,0.0,0.0,0.0,0.0,0.0,0.0,0.0,0.0
1028,20917,Isaiah Prince,TEN,OT,1,29,29.0,49.2,0.0,0.0,0.0,0.0,0.0,0.0,0.0,0.0
1029,20926,Dalton Risner,MIN,G,10,537,53.7,77.4,0.0,0.0,0.0,0.0,0.0,0.0,0.0,0.0
1030,20960,Jawaan Taylor,KC,OT,16,1094,68.4,95.3,0.0,0.0,0.0,0.0,0.0,0.0,0.0,0.0
1031,21026,Jackson Barton,ARI,OT,4,157,39.2,57.3,0.0,0.0,0.0,0.0,0.0,0.0,0.0,0.0
1032,21027,Ryan Bates,CHI,C,3,105,35.0,23.3,0.0,0.0,0.0,0.0,0.0,0.0,0.0,0.0
1033,21038,Garrett Bradbury,MIN,C,17,1117,65.7,100.0,0.0,0.0,0.0,0.0,0.0,0.0,0.0,0.0
1034,21060,Nate Davis,CHI,G,5,142,28.4,23.1,0.0,0.0,0.0,0.0,0.0,0.0,0.0,0.0
1035,21110,Trey Pipkins III,LAC,OT,15,838,55.9,78.5,0.0,0.0,0.0,0.0,0.0,0.0,0.0,0.0
1036,21119,Justin Skule,TB,OT,17,361,21.2,31.6,0.0,0.0,0.0,0.0,0.0,0.0,0.0,0.0
1037,21129,Nick Allegretti,WAS,G,17,1151,67.7,99.0,0.0,0.0,0.0,0.0,0.0,0.0,0.0,0.0
1038,21206,Patrick Mekari,BAL,OL,17,998,58.7,89.9,0.0,0.0,0.0,0.0,0.0,0.0,0.0,0.0
1039,21943,Robert Hunt,CAR,G,16,967,60.4,93.5,0.0,0.0,0.0,0.0,0.0,0.0,0.0,0.0
1040,21944,Jonah Jackson,LAR,G,4,266,66.5,38.6,0.0,0.0,0.0,0.0,0.0,0.0,0.0,0.0
1041,21949,Austin Jackson,MIA,OL,8,540,67.5,99.8,0.0,0.0,0.0,0.0,0.0,0.0,0.0,0.0
1042,21990,Ben Bredeson,TB,G,17,1128,66.4,98.8,0.0,0.0,0.0,0.0,0.0,0.0,0.0,0.0
1043,21993,Ezra Cleveland,JAX,G,15,911,60.7,88.2,0.0,0.0,0.0,0.0,0.0,0.0,0.0,0.0
1044,21995,Tyler Biadasz,WAS,C,15,946,63.1,81.3,0.0,0.0,0.0,0.0,0.0,0.0,0.0,0.0
1045,21997,Lloyd Cushenberry III,TEN,C,8,499,62.4,93.6,0.0,0.0,0.0,0.0,0.0,0.0,0.0,0.0
1046,22009,Mekhi Becton,PHI,OT,15,903,60.2,78.0,0.0,0.0,0.0,0.0,0.0,0.0,0.0,0.0
1047,22010,Trystan Colon,ARI,G,17,386,22.7,35.2,0.0,0.0,0.0,0.0,0.0,0.0,0.0,0.0
1048,22012,Ben Bartch,SF,G,3,65,21.7,7.9,0.0,0.0,0.0,0.0,0.0,0.0,0.0,0.0
1049,22023,Colton McKivitz,SF,OT,17,1062,62.5,98.4,0.0,0.0,0.0,0.0,0.0,0.0,0.0,0.0
1050,22024,Jedrick Wills Jr.,CLE,OT,5,245,49.0,29.1,0.0,0.0,0.0,0.0,0.0,0.0,0.0,0.0
1051,22025,Andrew Thomas,NYG,OT,6,419,69.8,100.0,0.0,0.0,0.0,0.0,0.0,0.0,0.0,0.0
1052,22028,Damien Lewis,CAR,G,16,943,58.9,91.2,0.0,0.0,0.0,0.0,0.0,0.0,0.0,0.0
1053,22031,John Simpson,NYJ,OL,17,1019,59.9,95.6,0.0,0.0,0.0,0.0,0.0,0.0,0.0,0.0
1054,22036,Cesar Ruiz,NO,C,13,814,62.6,74.8,0.0,0.0,0.0,0.0,0.0,0.0,0.0,0.0
1055,22038,Mike Onwenu,NE,OL,17,1021,60.1,93.4,0.0,0.0,0.0,0.0,0.0,0.0,0.0,0.0
1056,22039,Shane Lemieux,NO,C,7,338,48.3,60.1,0.0,0.0,0.0,0.0,0.0,0.0,0.0,0.0
1057,22040,Jon Runyan,NYG,G,13,845,65.0,95.1,0.0,0.0,0.0,0.0,0.0,0.0,0.0,0.0
1058,22041,Terence Steele,DAL,OT,17,1171,68.9,100.0,0.0,0.0,0.0,0.0,0.0,0.0,0.0,0.0
1059,22132,Kevin Dotson,LAR,OL,16,1024,64.0,93.9,0.0,0.0,0.0,0.0,0.0,0.0,0.0,0.0
1060,22136,Blake Brandel,MIN,G,17,1117,65.7,100.0,0.0,0.0,0.0,0.0,0.0,0.0,0.0,0.0
1061,22419,Aaron Brewer,MIA,OL,17,1138,66.9,100.0,0.0,0.0,0.0,0.0,0.0,0.0,0.0,0.0
1062,22426,Nick Leverett,ARI,OL,6,122,20.3,27.7,0.0,0.0,0.0,0.0,0.0,0.0,0.0,0.0
1063,22690,Rashawn Slater,LAC,OT,15,904,60.3,84.7,0.0,0.0,0.0,0.0,0.0,0.0,0.0,0.0
1064,22691,Penei Sewell,DET,OT,17,1145,67.4,99.9,0.0,0.0,0.0,0.0,0.0,0.0,0.0,0.0
1065,22708,Aaron Banks,SF,G,13,775,59.6,82.5,0.0,0.0,0.0,0.0,0.0,0.0,0.0,0.0
1066,22716,Larry Borom,CHI,OT,8,330,41.2,50.3,0.0,0.0,0.0,0.0,0.0,0.0,0.0,0.0
1067,22725,Spencer Brown,BUF,OT,15,932,62.1,85.7,0.0,0.0,0.0,0.0,0.0,0.0,0.0,0.0
1068,22730,Landon Young,NO,OT,17,393,23.1,36.1,0.0,0.0,0.0,0.0,0.0,0.0,0.0,0.0
1069,22738,Brady Christensen,CAR,G,17,399,23.5,38.6,0.0,0.0,0.0,0.0,0.0,0.0,0.0,0.0
1070,22747,Sam Cosmi,WAS,G,17,1162,68.4,99.9,0.0,0.0,0.0,0.0,0.0,0.0,0.0,0.0
1071,22752,Jake Curhan,CHI,OT,10,261,26.1,39.8,0.0,0.0,0.0,0.0,0.0,0.0,0.0,0.0
1072,22757,Christian Darrisaw,MIN,OT,7,392,56.0,92.7,0.0,0.0,0.0,0.0,0.0,0.0,0.0,0.0
1073,22766,Alijah Vera-Tucker,NYJ,G,15,915,61.0,85.8,0.0,0.0,0.0,0.0,0.0,0.0,0.0,0.0
1074,22768,Cole Van Lanen,JAX,OT,9,252,28.0,24.4,0.0,0.0,0.0,0.0,0.0,0.0,0.0,0.0
1075,22769,Landon Dickerson,PHI,G,16,996,62.2,86.1,0.0,0.0,0.0,0.0,0.0,0.0,0.0,0.0
1076,22797,Trey Smith,KC,G,17,1117,65.7,97.3,0.0,0.0,0.0,0.0,0.0,0.0,0.0,0.0
1077,22809,Liam Eichenberg,MIA,OL,17,1035,60.9,90.9,0.0,0.0,0.0,0.0,0.0,0.0,0.0,0.0
1078,22816,Stone Forsythe,SEA,OT,9,414,46.0,62.9,0.0,0.0,0.0,0.0,0.0,0.0,0.0,0.0
1079,22817,Will Fries,IND,OL,5,268,53.6,91.5,0.0,0.0,0.0,0.0,0.0,0.0,0.0,0.0
1080,22843,James Hudson,CLE,OT,4,222,55.5,81.0,0.0,0.0,0.0,0.0,0.0,0.0,0.0,0.0
1081,22845,Creed Humphrey,KC,C,17,1117,65.7,97.3,0.0,0.0,0.0,0.0,0.0,0.0,0.0,0.0
1082,22847,Alaric Jackson,LAR,OL,14,894,63.9,93.1,0.0,0.0,0.0,0.0,0.0,0.0,0.0,0.0
1083,22857,Dillon Radunz,TEN,OT,15,902,60.1,82.4,0.0,0.0,0.0,0.0,0.0,0.0,0.0,0.0
1084,22860,Teven Jenkins,CHI,G,14,738,52.7,65.0,0.0,0.0,0.0,0.0,0.0,0.0,0.0,0.0
1085,22886,Dan Moore Jr.,PIT,OT,17,1113,65.5,98.6,0.0,0.0,0.0,0.0,0.0,0.0,0.0,0.0
1086,22891,Rob Jones,MIA,OL,17,1078,63.4,94.7,0.0,0.0,0.0,0.0,0.0,0.0,0.0,0.0
1087,22900,Walker Little,JAX,OT,15,508,33.9,49.2,0.0,0.0,0.0,0.0,0.0,0.0,0.0,0.0
1088,22909,Quinn Meinerz,DEN,OL,17,1088,64.0,98.7,0.0,0.0,0.0,0.0,0.0,0.0,0.0,0.0
1089,22993,Jordan Meredith,LV,G,14,574,41.0,51.1,0.0,0.0,0.0,0.0,0.0,0.0,0.0,0.0
1090,23020,Ryan Neuzil,ATL,OL,17,577,33.9,50.5,0.0,0.0,0.0,0.0,0.0,0.0,0.0,0.0
1091,23264,Daniel Faalele,BAL,G,17,1107,65.1,99.7,0.0,0.0,0.0,0.0,0.0,0.0,0.0,0.0
1092,23265,Evan Neal,NYG,OT,9,460,51.1,40.9,0.0,0.0,0.0,0.0,0.0,0.0,0.0,0.0
1093,23278,Tyler Linderbaum,BAL,C,17,1094,64.4,98.6,0.0,0.0,0.0,0.0,0.0,0.0,0.0,0.0
1094,23303,Charles Cross,SEA,OT,17,1097,64.5,99.7,0.0,0.0,0.0,0.0,0.0,0.0,0.0,0.0
1095,23318,Ikem Ekwonu,CAR,OT,15,910,60.7,88.0,0.0,0.0,0.0,0.0,0.0,0.0,0.0,0.0
1096,23319,Rasheed Walker,GB,OT,17,1075,63.2,99.2,0.0,0.0,0.0,0.0,0.0,0.0,0.0,0.0
1097,23342,Kenyon Green,HOU,G,12,583,48.6,72.3,0.0,0.0,0.0,0.0,0.0,0.0,0.0,0.0
1098,23351,Sean Rhyan,GB,G,17,963,56.6,88.8,0.0,0.0,0.0,0.0,0.0,0.0,0.0,0.0
1099,23353,Brock Hoffman,DAL,C,17,517,30.4,44.2,0.0,0.0,0.0,0.0,0.0,0.0,0.0,0.0
1100,23358,Nicholas Petit-Frere,TEN,OT,15,621,41.4,56.8,0.0,0.0,0.0,0.0,0.0,0.0,0.0,0.0
1101,23361,Cam Jurgens,PHI,C,16,1068,66.8,92.3,0.0,0.0,0.0,0.0,0.0,0.0,0.0,0.0
1102,23372,Trevor Penning,NO,OT,17,1082,63.6,99.4,0.0,0.0,0.0,0.0,0.0,0.0,0.0,0.0
1103,23397,Dylan Parham,LV,G,15,882,58.8,78.5,0.0,0.0,0.0,0.0,0.0,0.0,0.0,0.0
1104,23398,Ed Ingram,MIN,G,16,580,36.2,51.9,0.0,0.0,0.0,0.0,0.0,0.0,0.0,0.0
1105,23399,Max Mitchell,NYJ,OL,10,224,22.4,21.0,0.0,0.0,0.0,0.0,0.0,0.0,0.0,0.0
1106,23400,Zion Johnson,LAC,G,17,1047,61.6,98.1,0.0,0.0,0.0,0.0,0.0,0.0,0.0,0.0
1107,23401,Bernhard Raimann,IND,OT,14,856,61.1,78.7,0.0,0.0,0.0,0.0,0.0,0.0,0.0,0.0
1108,23403,Jamaree Salyer,LAC,OL,17,340,20.0,31.9,0.0,0.0,0.0,0.0,0.0,0.0,0.0,0.0
1109,23405,Darian Kinnard,PHI,G,2,71,35.5,6.1,0.0,0.0,0.0,0.0,0.0,0.0,0.0,0.0
1110,23406,Luke Goedeke,TB,OT,13,907,69.8,79.4,0.0,0.0,0.0,0.0,0.0,0.0,0.0,0.0
1111,23407,Cole Strange,NE,G,3,117,39.0,48.5,0.0,0.0,0.0,0.0,0.0,0.0,0.0,0.0
1112,23408,Abraham Lucas,SEA,OT,7,409,58.4,95.8,0.0,0.0,0.0,0.0,0.0,0.0,0.0,0.0
1113,23412,Braxton Jones,CHI,OT,12,720,60.0,71.1,0.0,0.0,0.0,0.0,0.0,0.0,0.0,0.0
1114,23452,Cade Mays,CAR,G,11,495,45.0,68.5,0.0,0.0,0.0,0.0,0.0,0.0,0.0,0.0
1115,23492,Ben Brown,NE,C,10,667,66.7,92.6,0.0,0.0,0.0,0.0,0.0,0.0,0.0,0.0
1116,23496,Austin Deculus,HOU,OL,1,29,29.0,24.2,0.0,0.0,0.0,0.0,0.0,0.0,0.0,0.0
1117,23509,Zach Tom,GB,OL,17,1070,62.9,98.7,0.0,0.0,0.0,0.0,0.0,0.0,0.0,0.0
1118,23510,Cordell Volson,CIN,G,17,985,57.9,86.6,0.0,0.0,0.0,0.0,0.0,0.0,0.0,0.0
1119,23511,Luke Wattenberg,DEN,C,13,824,63.4,98.4,0.0,0.0,0.0,0.0,0.0,0.0,0.0,0.0
1120,23579,Tyrese Robinson,NE,G,2,62,31.0,11.9,0.0,0.0,0.0,0.0,0.0,0.0,0.0,0.0
1121,23637,AJ Arcuri,LAR,OT,2,51,25.5,35.4,0.0,0.0,0.0,0.0,0.0,0.0,0.0,0.0
1122,23863,Leroy Watson IV,TEN,OT,4,190,47.5,32.6,0.0,0.0,0.0,0.0,0.0,0.0,0.0,0.0
1123,24095,Broderick Jones,PIT,OT,17,1073,63.1,95.0,0.0,0.0,0.0,0.0,0.0,0.0,0.0,0.0
1124,24103,Dawand Jones,CLE,OT,10,511,51.1,73.2,0.0,0.0,0.0,0.0,0.0,0.0,0.0,0.0
1125,24105,T.J. Bass,DAL,G,15,315,21.0,26.9,0.0,0.0,0.0,0.0,0.0,0.0,0.0,0.0
1126,24128,Peter Skoronski,TEN,G,17,1094,64.4,100.0,0.0,0.0,0.0,0.0,0.0,0.0,0.0,0.0
1127,24130,Paris Johnson Jr.,ARI,OT,14,865,61.8,90.9,0.0,0.0,0.0,0.0,0.0,0.0,0.0,0.0
1128,24136,Jarrett Patterson,HOU,OL,15,548,36.5,49.5,0.0,0.0,0.0,0.0,0.0,0.0,0.0,0.0
1129,24155,O'Cyrus Torrence,BUF,G,17,1013,59.6,93.1,0.0,0.0,0.0,0.0,0.0,0.0,0.0,0.0
1130,24157,Olu Oluwatimi,SEA,C,12,438,36.5,39.8,0.0,0.0,0.0,0.0,0.0,0.0,0.0,0.0
1131,24158,John Michael Schmitz Jr.,NYG,C,15,987,65.8,87.7,0.0,0.0,0.0,0.0,0.0,0.0,0.0,0.0
1132,24159,Cody Mauch,TB,G,17,1133,66.6,99.2,0.0,0.0,0.0,0.0,0.0,0.0,0.0,0.0
1133,24161,Nick Saldiveri,NO,OL,11,344,31.3,43.9,0.0,0.0,0.0,0.0,0.0,0.0,0.0,0.0
1134,24163,Matthew Bergeron,ATL,OL,17,1105,65.0,96.7,0.0,0.0,0.0,0.0,0.0,0.0,0.0,0.0
1135,24165,Darnell Wright,CHI,OT,16,1022,63.9,90.0,0.0,0.0,0.0,0.0,0.0,0.0,0.0,0.0
1136,24185,Anthony Bradford,SEA,G,11,578,52.5,77.9,0.0,0.0,0.0,0.0,0.0,0.0,0.0,0.0
1137,24196,Joe Tippmann,NYJ,C,17,1066,62.7,100.0,0.0,0.0,0.0,0.0,0.0,0.0,0.0,0.0
1138,24200,Anton Harrison,JAX,OT,16,943,58.9,91.3,0.0,0.0,0.0,0.0,0.0,0.0,0.0,0.0
1139,24237,Warren McClendon Jr.,LAR,OL,13,331,25.5,30.4,0.0,0.0,0.0,0.0,0.0,0.0,0.0,0.0
1140,24428,John Ojukwu,TEN,OT,11,264,24.0,27.4,0.0,0.0,0.0,0.0,0.0,0.0,0.0,0.0
1141,24437,Juice Scruggs,HOU,OL,13,873,67.2,78.9,0.0,0.0,0.0,0.0,0.0,0.0,0.0,0.0
1142,24780,Demontrey Jacobs,NE,OT,15,867,57.8,79.3,0.0,0.0,0.0,0.0,0.0,0.0,0.0,0.0
1143,24936,Joe Alt,LAC,OT,16,1011,63.2,94.8,0.0,0.0,0.0,0.0,0.0,0.0,0.0,0.0
1144,24938,Kiran Amegadjie,CHI,OT,6,125,20.8,11.0,0.0,0.0,0.0,0.0,0.0,0.0,0.0,0.0
1145,24948,Roger Rosengarten,BAL,OT,17,933,54.9,84.1,0.0,0.0,0.0,0.0,0.0,0.0,0.0,0.0
1146,24951,Jackson Powers-Johnson,LV,G,15,956,63.7,85.1,0.0,0.0,0.0,0.0,0.0,0.0,0.0,0.0
1147,24955,Amarius Mims,CIN,OT,15,836,55.7,73.5,0.0,0.0,0.0,0.0,0.0,0.0,0.0,0.0
1148,24972,Blake Fisher,HOU,OT,15,337,22.5,30.4,0.0,0.0,0.0,0.0,0.0,0.0,0.0,0.0
1149,24998,Cooper Beebe,DAL,G,16,1061,66.3,90.6,0.0,0.0,0.0,0.0,0.0,0.0,0.0,0.0
1150,25006,Troy Fautanu,PIT,OT,1,55,55.0,41.0,0.0,0.0,0.0,0.0,0.0,0.0,0.0,0.0
1151,25009,Olu Fashanu,NYJ,OL,15,533,35.5,56.8,0.0,0.0,0.0,0.0,0.0,0.0,0.0,0.0
1152,25011,Taliese Fuaga,NO,OT,17,1071,63.0,98.4,0.0,0.0,0.0,0.0,0.0,0.0,0.0,0.0
1153,25018,Jordan Morgan,GB,OT,6,186,31.0,30.9,0.0,0.0,0.0,0.0,0.0,0.0,0.0,0.0
1154,25038,Graham Barton,TB,C,16,1065,66.6,93.3,0.0,0.0,0.0,0.0,0.0,0.0,0.0,0.0
1155,25115,Isaiah Adams,ARI,G,15,462,30.8,42.2,0.0,0.0,0.0,0.0,0.0,0.0,0.0,0.0
1156,25152,Tanor Bortolini,IND,G,12,351,29.2,32.3,0.0,0.0,0.0,0.0,0.0,0.0,0.0,0.0
1157,25181,C.J. Hanson,KC,G,1,31,31.0,2.7,0.0,0.0,0.0,0.0,0.0,0.0,0.0,0.0
1158,25186,Christian Jones,ARI,OT,2,74,37.0,10.9,0.0,0.0,0.0,0.0,0.0,0.0,0.0,0.0
1159,25191,Trevor Keegan,PHI,G,1,35,35.0,3.0,0.0,0.0,0.0,0.0,0.0,0.0,0.0,0.0
1160,25212,Brandon Coleman,WAS,OT,16,790,49.4,67.9,0.0,0.0,0.0,0.0,0.0,0.0,0.0,0.0
1161,25242,Caedan Wallace,NE,OT,6,129,21.5,35.2,0.0,0.0,0.0,0.0,0.0,0.0,0.0,0.0
1162,25257,DJ Glaze,LV,OT,17,998,58.7,88.9,0.0,0.0,0.0,0.0,0.0,0.0,0.0,0.0
1163,25259,Matt Goncalves,IND,OT,17,566,33.3,52.1,0.0,0.0,0.0,0.0,0.0,0.0,0.0,0.0
1164,25266,Sataoa Laumea,SEA,G,6,358,59.7,32.5,0.0,0.0,0.0,0.0,0.0,0.0,0.0,0.0
1165,25271,Beaux Limmer,LAR,OL,16,917,57.3,84.1,0.0,0.0,0.0,0.0,0.0,0.0,0.0,0.0
1166,25276,Mason McCormick,PIT,G,17,939,55.2,83.2,0.0,0.0,0.0,0.0,0.0,0.0,0.0,0.0
1167,25279,Dylan McMahon,LAR,OL,1,66,66.0,6.5,0.0,0.0,0.0,0.0,0.0,0.0,0.0,0.0
1168,25290,Layden Robinson,NE,G,12,602,50.2,55.1,0.0,0.0,0.0,0.0,0.0,0.0,0.0,0.0
1169,25342,Michael Jerrell,SEA,OT,10,250,25.0,22.7,0.0,0.0,0.0,0.0,0.0,0.0,0.0,0.0
1170,25577,Jake Kubas,NYG,G,5,198,39.6,17.6,0.0,0.0,0.0,0.0,0.0,0.0,0.0,0.0
1171,18020,Graham Glasgow,DET,G,16,1081,67.6,94.3,0.0,0.0,0.0,0.0,0.0,0.0,0.0,0.0
1172,22444,Austen Pleasants,SF,G,3,67,22.3,32.8,0.0,0.0,0.0,0.0,0.0,0.0,0.0,0.0
1173,24368,Carter Warren,NYJ,OT,6,141,23.5,13.2,0.0,0.0,0.0,0.0,0.0,0.0,0.0,0.0
1174,25546,Dalton Tucker,IND,G,14,464,33.1,42.7,0.0,0.0,0.0,0.0,0.0,0.0,0.0,0.0
1175,22524,James Mitchell,DET,TE,1,25,25.0,31.6,0.0,0.0,0.0,0.0,0.0,0.0,0.0,0.0
1176,25032,Xavier Weaver,ARI,WR,2,57,28.5,5.2,0.0,0.0,3.5,0.4,0.0,3.5,0.0,0.0
1177,18899,Garett Bolles,DEN,OT,17,1068,62.8,96.9,0.0,0.0,0.0,0.0,0.0,0.0,0.0,0.0
1178,24996,Zach Frazier,PIT,C,15,976,65.1,86.4,0.0,0.0,0.0,0.0,0.0,0.0,-0.2,-0.0
1179,25019,Dominick Puni,SF,G,17,1078,63.4,99.9,0.0,0.0,0.0,0.0,0.0,0.0,-0.3,-0.0
1180,25004,Tyler Guyton,DAL,OT,15,670,44.7,57.2,0.0,0.0,0.0,0.0,0.0,0.0,-2.0,-0.3
1181,22754,Drew Dalman,ATL,OL,9,554,61.6,83.9,0.0,0.0,0.0,0.0,0.0,0.0,-2.0,-0.4
